	NUMERO	NOMRE	TIPO_1	TIPO_2	PUNTOS_DE_VIDA	PUNTOS_ATAQUE	PUNTOS_DEFENSA	PUNTOS_ATAQUE_ESPECIAL	PUNTO_DEFENSA_ESPECIAL	PUNTOS_VELOCIDAD	NOMBRE_GENERATIONS	LEGENDARIO	Primer_Pokemon	Segundo_Pokemon	N_COMBATES	N_VICTORIAS	PORCENTAJE_DE_VICTORIAS
0	1	Bulbasaur	Planta	Veneno	45	49	49	65	65	45	1	0	37.0	37.0	133.0	37.0	0.2781954887218045
1	2	Ivysaur	Planta	Veneno	60	62	63	80	80	60	1	0	46.0	46.0	121.0	46.0	0.38016528925619836
2	3	Venusaur	Planta	Veneno	80	82	83	100	100	80	1	0	89.0	89.0	132.0	89.0	0.6742424242424242
3	4	Mega Venusaur	Planta	Veneno	80	100	123	122	120	80	1	0	70.0	70.0	125.0	70.0	0.56
4	5	Charmander	Fuego		39	52	43	60	50	65	1	0	55.0	55.0	112.0	55.0	0.49107142857142855
5	6	Charmeleon	Fuego		58	64	58	80	65	80	1	0	64.0	64.0	118.0	64.0	0.5423728813559322
6	7	Charizard	Fuego	Volador	78	84	78	109	85	100	1	0	115.0	115.0	133.0	115.0	0.8646616541353384
7	8	Mega Charizard X	Fuego	Dragon	78	130	111	130	85	100	1	0	119.0	119.0	139.0	119.0	0.8561151079136691
8	9	Mega Charizard Y	Fuego	Volador	78	104	78	159	115	100	1	0	114.0	114.0	135.0	114.0	0.8444444444444444
9	10	Squirtle	Agua		44	48	65	50	64	43	1	0	19.0	19.0	117.0	19.0	0.1623931623931624
10	11	Wartortle	Agua		59	63	80	65	80	58	1	0	59.0	59.0	141.0	59.0	0.41843971631205673
11	12	Blastoise	Agua		79	83	100	85	105	78	1	0					
12	13	Mega Blastoise	Agua		79	103	120	135	115	78	1	0	83.0	83.0	144.0	83.0	0.5763888888888888
13	14	Caterpie	Bicho		45	30	35	20	20	45	1	0	17.0	17.0	115.0	17.0	0.14782608695652175
14	15	Metapod	Bicho		50	20	55	25	25	30	1	0	13.0	13.0	133.0	13.0	0.09774436090225563
15	16	Butterfree	Bicho	Volador	60	45	50	90	80	70	1	0	75.0	75.0	120.0	75.0	0.625
16	17	Weedle	Bicho	Veneno	40	35	30	20	20	50	1	0	26.0	26.0	111.0	26.0	0.23423423423423423
17	18	Kakuna	Bicho	Veneno	45	25	50	25	25	35	1	0	17.0	17.0	130.0	17.0	0.13076923076923078
18	19	Beedrill	Bicho	Veneno	65	90	40	45	80	75	1	0	80.0	80.0	128.0	80.0	0.625
19	20	Mega Beedrill	Bicho	Veneno	65	150	40	15	80	145	1	0	115.0	115.0	119.0	115.0	0.9663865546218487
20	21	Pidgey	Normal	Volador	40	45	40	35	35	56	1	0	47.0	47.0	126.0	47.0	0.373015873015873
21	22	Pidgeotto	Normal	Volador	63	60	55	50	50	71	1	0	64.0	64.0	121.0	64.0	0.5289256198347108
22	23	Pidgeot	Normal	Volador	83	80	75	70	70	101	1	0	112.0	112.0	130.0	112.0	0.8615384615384616
23	24	Mega Pidgeot	Normal	Volador	83	80	80	135	80	121	1	0	119.0	119.0	126.0	119.0	0.9444444444444444
24	25	Rattata	Normal		30	56	35	25	35	72	1	0	65.0	65.0	135.0	65.0	0.48148148148148145
25	26	Raticate	Normal		55	81	60	50	70	97	1	0	101.0	101.0	140.0	101.0	0.7214285714285714
26	27	Spearow	Normal	Volador	40	60	30	31	31	70	1	0	62.0	62.0	138.0	62.0	0.4492753623188406
27	28	Fearow	Normal	Volador	65	90	65	61	61	100	1	0	103.0	103.0	123.0	103.0	0.8373983739837398
28	29	Ekans	Veneno		35	60	44	40	54	55	1	0	48.0	48.0	131.0	48.0	0.366412213740458
29	30	Arbok	Veneno		60	85	69	65	79	80	1	0	72.0	72.0	125.0	72.0	0.576
30	31	Pikachu	Electrico		35	55	40	50	50	90	1	0	93.0	93.0	136.0	93.0	0.6838235294117647
31	32	Raichu	Electrico		60	90	55	90	80	110	1	0	105.0	105.0	121.0	105.0	0.8677685950413223
32	33	Sandshrew	Tierra		50	75	85	20	30	40	1	0					
33	34	Sandslash	Tierra		75	100	110	45	55	65	1	0	56.0	56.0	105.0	56.0	0.5333333333333333
34	35	Nidoran macho	Veneno		55	47	52	40	40	41	1	0	20.0	20.0	119.0	20.0	0.16806722689075632
35	36	Nidorina	Veneno		70	62	67	55	55	56	1	0	57.0	57.0	148.0	57.0	0.38513513513513514
36	37	Nidoqueen	Veneno	Tierra	90	92	87	75	85	76	1	0	66.0	66.0	122.0	66.0	0.5409836065573771
37	38	Nidoran hembra	Veneno		46	57	40	40	40	50	1	0	34.0	34.0	136.0	34.0	0.25
38	39	Nidorino	Veneno		61	72	57	55	55	65	1	0	51.0	51.0	128.0	51.0	0.3984375
39	40	Nidoking	Veneno	Tierra	81	102	77	85	75	85	1	0	79.0	79.0	140.0	79.0	0.5642857142857143
40	41	Clefairy	Hada		70	45	48	60	65	35	1	0	20.0	20.0	127.0	20.0	0.15748031496062992
41	42	Clefable	Hada		95	70	73	95	90	60	1	0	49.0	49.0	123.0	49.0	0.3983739837398374
42	43	Vulpix	Fuego		38	41	40	50	65	65	1	0	53.0	53.0	129.0	53.0	0.4108527131782946
43	44	Ninetales	Fuego		73	76	75	81	100	100	1	0	103.0	103.0	127.0	103.0	0.8110236220472441
44	45	Jigglypuff	Normal	Hada	115	45	20	45	25	20	1	0	15.0	15.0	130.0	15.0	0.11538461538461539
45	46	Wigglytuff	Normal	Hada	140	70	45	85	50	45	1	0					
46	47	Zubat	Veneno	Volador	40	45	35	30	40	55	1	0	55.0	55.0	145.0	55.0	0.3793103448275862
47	48	Golbat	Veneno	Volador	75	80	70	65	75	90	1	0	97.0	97.0	128.0	97.0	0.7578125
48	49	Oddish	Planta	Veneno	45	50	55	75	65	30	1	0	9.0	9.0	143.0	9.0	0.06293706293706294
49	50	Gloom	Planta	Veneno	60	65	70	85	75	40	1	0	28.0	28.0	129.0	28.0	0.21705426356589147
50	51	Vileplume	Planta	Veneno	75	80	85	110	90	50	1	0	44.0	44.0	124.0	44.0	0.3548387096774194
51	52	Paras	Bicho	Planta	35	70	55	45	55	25	1	0	13.0	13.0	138.0	13.0	0.09420289855072464
52	53	Parasect	Bicho	Planta	60	95	80	60	80	30	1	0	30.0	30.0	154.0	30.0	0.19480519480519481
53	54	Venonat	Bicho	Veneno	60	55	50	40	55	45	1	0	32.0	32.0	143.0	32.0	0.22377622377622378
54	55	Venomoth	Bicho	Veneno	70	65	60	90	75	90	1	0	92.0	92.0	140.0	92.0	0.6571428571428571
55	56	Diglett	Tierra		10	55	25	35	45	95	1	0	68.0	68.0	126.0	68.0	0.5396825396825397
56	57	Dugtrio	Tierra		35	80	50	50	70	120	1	0	108.0	108.0	128.0	108.0	0.84375
57	58	Meowth	Normal		40	45	35	40	40	90	1	0	91.0	91.0	140.0	91.0	0.65
58	59	Persian	Normal		65	70	60	65	65	115	1	0	103.0	103.0	120.0	103.0	0.8583333333333333
59	60	Psyduck	Agua		50	52	48	65	50	55	1	0	47.0	47.0	142.0	47.0	0.33098591549295775
60	61	Golduck	Agua		80	82	78	95	80	85	1	0	79.0	79.0	115.0	79.0	0.6869565217391305
61	62	Mankey	Combate		40	80	35	35	45	70	1	0	55.0	55.0	118.0	55.0	0.4661016949152542
62	63	Primeape	Combate		65	105	60	60	70	95	1	0	85.0	85.0	108.0	85.0	0.7870370370370371
63	64	Growlithe	Fuego		55	70	45	70	50	60	1	0	54.0	54.0	120.0	54.0	0.45
64	65	Arcanine	Fuego		90	110	80	100	80	95	1	0	91.0	91.0	114.0	91.0	0.7982456140350878
65	66	Poliwag	Agua		40	50	40	40	40	90	1	0					
66	67	Poliwhirl	Agua		65	65	65	50	50	90	1	0	90.0	90.0	125.0	90.0	0.72
67	68	Poliwrath	Agua	Combate	90	95	95	70	90	70	1	0	68.0	68.0	130.0	68.0	0.5230769230769231
68	69	Abra	Psiquico		25	20	15	105	55	90	1	0	35.0	35.0	108.0	35.0	0.32407407407407407
69	70	Kadabra	Psiquico		40	35	30	120	70	105	1	0	87.0	87.0	130.0	87.0	0.6692307692307692
70	71	Alakazam	Psiquico		55	50	45	135	95	120	1	0	108.0	108.0	140.0	108.0	0.7714285714285715
71	72	Mega Alakazam	Psiquico		55	50	65	175	95	150	1	0	86.0	86.0	110.0	86.0	0.7818181818181819
72	73	Machop	Combate		70	80	50	35	35	35	1	0	21.0	21.0	150.0	21.0	0.14
73	74	Machoke	Combate		80	100	70	50	60	45	1	0	32.0	32.0	124.0	32.0	0.25806451612903225
74	75	Machamp	Combate		90	130	80	65	85	55	1	0	51.0	51.0	116.0	51.0	0.4396551724137931
75	76	Bellsprout	Planta	Veneno	50	75	35	70	30	40	1	0	23.0	23.0	108.0	23.0	0.21296296296296297
76	77	Weepinbell	Planta	Veneno	65	90	50	85	45	55	1	0	45.0	45.0	121.0	45.0	0.371900826446281
77	78	Victreebel	Planta	Veneno	80	105	65	100	70	70	1	0					
78	79	Tentacool	Agua	Veneno	40	40	35	50	100	70	1	0	79.0	79.0	157.0	79.0	0.5031847133757962
79	80	Tentacruel	Agua	Veneno	80	70	65	80	120	100	1	0	94.0	94.0	117.0	94.0	0.8034188034188035
80	81	Geodude	Roca	Tierra	40	80	100	30	30	20	1	0	16.0	16.0	135.0	16.0	0.11851851851851852
81	82	Graveler	Roca	Tierra	55	95	115	45	45	35	1	0	29.0	29.0	137.0	29.0	0.2116788321167883
82	83	Golem	Roca	Tierra	80	120	130	55	65	45	1	0	50.0	50.0	135.0	50.0	0.37037037037037035
83	84	Ponyta	Fuego		50	85	55	65	65	90	1	0	86.0	86.0	115.0	86.0	0.7478260869565218
84	85	Rapidash	Fuego		65	100	70	80	80	105	1	0	91.0	91.0	105.0	91.0	0.8666666666666667
85	86	Slowpoke	Agua	Psiquico	90	65	65	40	40	15	1	0	24.0	24.0	122.0	24.0	0.19672131147540983
86	87	Slowbro	Agua	Psiquico	95	75	110	100	80	30	1	0	20.0	20.0	131.0	20.0	0.15267175572519084
87	88	Mega Slowbro	Agua	Psiquico	95	75	180	130	80	30	1	0	16.0	16.0	116.0	16.0	0.13793103448275862
88	89	Magnemite	Electrico	Acero	25	35	70	95	55	45	1	0	24.0	24.0	143.0	24.0	0.16783216783216784
89	90	Magneton	Electrico	Acero	50	60	95	120	70	70	1	0					
90	91	Farfetch'd	Normal	Volador	52	65	55	58	62	60	1	0	52.0	52.0	116.0	52.0	0.4482758620689655
91	92	Doduo	Normal	Volador	35	85	45	35	35	75	1	0	87.0	87.0	134.0	87.0	0.6492537313432836
92	93	Dodrio	Normal	Volador	60	110	70	60	60	100	1	0	121.0	121.0	143.0	121.0	0.8461538461538461
93	94	Seel	Agua		65	45	55	45	70	45	1	0	29.0	29.0	119.0	29.0	0.24369747899159663
94	95	Dewgong	Agua	Hielo	90	70	80	70	95	70	1	0	68.0	68.0	131.0	68.0	0.5190839694656488
95	96	Grimer	Veneno		80	80	50	40	50	25	1	0	25.0	25.0	142.0	25.0	0.176056338028169
96	97	Muk	Veneno		105	105	75	65	100	50	1	0	50.0	50.0	133.0	50.0	0.37593984962406013
97	98	Shellder	Agua		30	65	100	45	25	40	1	0	21.0	21.0	111.0	21.0	0.1891891891891892
98	99	Cloyster	Agua	Hielo	50	95	180	85	45	70	1	0	71.0	71.0	134.0	71.0	0.5298507462686567
99	100	Gastly	Fantasma	Veneno	30	35	30	100	35	80	1	0	61.0	61.0	128.0	61.0	0.4765625
100	101	Haunter	Fantasma	Veneno	45	50	45	115	55	95	1	0	77.0	77.0	111.0	77.0	0.6936936936936937
101	102	Gengar	Fantasma	Veneno	60	65	60	130	75	110	1	0	88.0	88.0	114.0	88.0	0.7719298245614035
102	103	Mega Gengar	Fantasma	Veneno	60	65	80	170	95	130	1	0	113.0	113.0	131.0	113.0	0.8625954198473282
103	104	Onix	Roca	Tierra	35	45	160	30	45	70	1	0	65.0	65.0	135.0	65.0	0.48148148148148145
104	105	Drowzee	Psiquico		60	48	45	43	90	42	1	0	30.0	30.0	137.0	30.0	0.21897810218978103
105	106	Hypno	Psiquico		85	73	70	73	115	67	1	0	61.0	61.0	119.0	61.0	0.5126050420168067
106	107	Krabby	Agua		30	105	90	25	25	50	1	0	38.0	38.0	137.0	38.0	0.2773722627737226
107	108	Kingler	Agua		55	130	115	50	50	75	1	0	67.0	67.0	112.0	67.0	0.5982142857142857
108	109	Voltorb	Electrico		40	30	50	55	55	100	1	0	66.0	66.0	113.0	66.0	0.584070796460177
109	110	Electrode	Electrico		60	50	70	80	80	140	1	0	109.0	109.0	129.0	109.0	0.8449612403100775
110	111	Exeggcute	Planta	Psiquico	60	40	80	60	45	40	1	0	32.0	32.0	136.0	32.0	0.23529411764705882
111	112	Exeggutor	Planta	Psiquico	95	95	85	125	65	55	1	0	37.0	37.0	95.0	37.0	0.3894736842105263
112	113	Cubone	Tierra		50	50	95	40	50	35	1	0	29.0	29.0	143.0	29.0	0.20279720279720279
113	114	Marowak	Tierra		60	80	110	50	80	45	1	0	34.0	34.0	120.0	34.0	0.2833333333333333
114	115	Hitmonlee	Combate		50	120	53	35	110	87	1	0	82.0	82.0	128.0	82.0	0.640625
115	116	Hitmonchan	Combate		50	105	79	35	110	76	1	0	87.0	87.0	140.0	87.0	0.6214285714285714
116	117	Lickitung	Normal		90	55	75	60	75	30	1	0	19.0	19.0	136.0	19.0	0.13970588235294118
117	118	Koffing	Veneno		40	65	95	60	45	35	1	0	20.0	20.0	143.0	20.0	0.13986013986013987
118	119	Weezing	Veneno		65	90	120	85	70	60	1	0	56.0	56.0	129.0	56.0	0.43410852713178294
119	120	Rhyhorn	Tierra	Roca	80	85	95	30	30	25	1	0	34.0	34.0	119.0	34.0	0.2857142857142857
120	121	Rhydon	Tierra	Roca	105	130	120	45	45	40	1	0	48.0	48.0	108.0	48.0	0.4444444444444444
121	122	Chansey	Normal		250	5	5	35	105	50	1	0	15.0	15.0	98.0	15.0	0.15306122448979592
122	123	Tangela	Planta		65	55	115	100	40	60	1	0	49.0	49.0	129.0	49.0	0.3798449612403101
123	124	Kangashian	Normal		105	95	80	40	80	90	1	0	95.0	95.0	126.0	95.0	0.753968253968254
124	125	Mega Kangashian	Normal		105	125	100	60	100	100	1	0	107.0	107.0	128.0	107.0	0.8359375
125	126	Horsea	Agua		30	40	70	70	25	60	1	0	55.0	55.0	133.0	55.0	0.41353383458646614
126	127	Seadra	Agua		55	65	95	95	45	85	1	0	78.0	78.0	118.0	78.0	0.6610169491525424
127	128	Goldeen	Agua		45	67	60	35	50	63	1	0	60.0	60.0	117.0	60.0	0.5128205128205128
128	129	Seaking	Agua		80	92	65	65	80	68	1	0	55.0	55.0	114.0	55.0	0.4824561403508772
129	130	Staryu	Agua		30	45	55	70	55	85	1	0	80.0	80.0	142.0	80.0	0.5633802816901409
130	131	Starmie	Agua	Psiquico	60	75	85	100	85	115	1	0	116.0	116.0	129.0	116.0	0.8992248062015504
131	132	M. Mime	Psiquico	Hada	40	45	65	100	120	90	1	0	76.0	76.0	136.0	76.0	0.5588235294117647
132	133	Scyther	Bicho	Volador	70	110	80	55	80	105	1	0	124.0	124.0	141.0	124.0	0.8794326241134752
133	134	Jynx	Hielo	Psiquico	65	50	35	115	95	95	1	0	99.0	99.0	135.0	99.0	0.7333333333333333
134	135	Electabuzz	Electrico		65	83	57	95	85	105	1	0	115.0	115.0	129.0	115.0	0.8914728682170543
135	136	Magmar	Fuego		65	95	57	100	85	93	1	0	96.0	96.0	129.0	96.0	0.7441860465116279
136	137	Pinsir	Bicho		65	125	100	55	70	85	1	0	81.0	81.0	124.0	81.0	0.6532258064516129
137	138	Mega Pinsir	Bicho	Volador	65	155	120	65	90	105	1	0	105.0	105.0	121.0	105.0	0.8677685950413223
138	139	Tauros	Normal		75	100	95	40	70	110	1	0	102.0	102.0	117.0	102.0	0.8717948717948718
139	140	Magikarp	Agua		20	10	55	15	20	80	1	0	25.0	25.0	139.0	25.0	0.17985611510791366
140	141	Gyarados	Agua	Volador	95	125	79	60	100	81	1	0	82.0	82.0	133.0	82.0	0.6165413533834586
141	142	Mega Gyarados	Agua	Siniestro	95	155	109	70	130	81	1	0	93.0	93.0	137.0	93.0	0.6788321167883211
142	143	Lapras	Agua	Hielo	130	85	80	85	95	60	1	0	61.0	61.0	139.0	61.0	0.43884892086330934
143	144	Ditto	Normal		48	48	48	48	48	48	1	0					
144	145	Eevee	Normal		55	55	50	45	65	55	1	0	37.0	37.0	99.0	37.0	0.37373737373737376
145	146	Vaporeon	Agua		130	65	60	110	95	65	1	0	69.0	69.0	132.0	69.0	0.5227272727272727
146	147	Jolteon	Electrico		65	65	60	110	95	130	1	0	124.0	124.0	134.0	124.0	0.9253731343283582
147	148	Flareon	Fuego		65	130	60	95	110	65	1	0	70.0	70.0	132.0	70.0	0.5303030303030303
148	149	Porygon	Normal		65	60	70	85	75	40	1	0	23.0	23.0	128.0	23.0	0.1796875
149	150	Omanyte	Roca	Agua	35	40	100	90	55	35	1	0	23.0	23.0	128.0	23.0	0.1796875
150	151	Omastar	Roca	Agua	70	60	125	115	70	55	1	0	49.0	49.0	138.0	49.0	0.35507246376811596
151	152	Kabuto	Roca	Agua	30	80	90	55	45	55	1	0	61.0	61.0	142.0	61.0	0.4295774647887324
152	153	Kabutops	Roca	Agua	60	115	105	65	70	80	1	0	79.0	79.0	110.0	79.0	0.7181818181818181
153	154	Aerodactyl	Roca	Volador	80	105	65	60	75	130	1	0	136.0	136.0	141.0	136.0	0.9645390070921985
154	155	Mega Aerodactyl	Roca	Volador	80	135	85	70	95	150	1	0	127.0	127.0	129.0	127.0	0.9844961240310077
155	156	Snorlax	Normal		160	110	65	65	110	30	1	0	40.0	40.0	112.0	40.0	0.35714285714285715
156	157	Articuno	Hielo	Volador	90	85	100	95	125	85	1	1	95.0	95.0	139.0	95.0	0.6834532374100719
157	158	Zapdos	Electrico	Volador	90	90	85	125	90	100	1	1	93.0	93.0	121.0	93.0	0.768595041322314
158	159	Moltres	Fuego	Volador	90	100	90	125	85	90	1	1	100.0	100.0	136.0	100.0	0.7352941176470589
159	160	Dratini	Dragon		41	64	45	50	50	50	1	0	43.0	43.0	117.0	43.0	0.36752136752136755
160	161	Dragonair	Dragon		61	84	65	70	70	70	1	0	58.0	58.0	116.0	58.0	0.5
161	162	Dragonite	Dragon	Volador	91	134	95	100	100	80	1	0	87.0	87.0	138.0	87.0	0.6304347826086957
162	163	Mewtwo	Psiquico		106	110	90	154	90	130	1	1	152.0	152.0	164.0	152.0	0.926829268292683
163	164	Mega Mewtwo X	Psiquico	Combate	106	190	100	154	100	130	1	1	125.0	125.0	135.0	125.0	0.9259259259259259
164	165	Mega Mewtwo Y	Psiquico		106	150	70	194	120	140	1	1	119.0	119.0	125.0	119.0	0.952
165	166	Mew	Psiquico		100	100	100	100	100	100	1	0	94.0	94.0	113.0	94.0	0.831858407079646
166	167	Chikorita	Planta		45	49	65	49	65	45	2	0	33.0	33.0	120.0	33.0	0.275
167	168	Bayleef	Planta		60	62	80	63	80	60	2	0	49.0	49.0	113.0	49.0	0.4336283185840708
168	169	Meganium	Planta		80	82	100	83	100	80	2	0	88.0	88.0	129.0	88.0	0.6821705426356589
169	170	Cyndaquil	Fuego		39	52	43	60	50	65	2	0	61.0	61.0	121.0	61.0	0.5041322314049587
170	171	Quilava	Fuego		58	64	58	80	65	80	2	0	92.0	92.0	151.0	92.0	0.609271523178808
171	172	Typhlosion	Fuego		78	84	78	109	85	100	2	0	100.0	100.0	116.0	100.0	0.8620689655172413
172	173	Totodile	Agua		50	65	64	44	48	43	2	0	29.0	29.0	132.0	29.0	0.2196969696969697
173	174	Croconaw	Agua		65	80	80	59	63	58	2	0	60.0	60.0	136.0	60.0	0.4411764705882353
174	175	Feraligatr	Agua		85	105	100	79	83	78	2	0	81.0	81.0	138.0	81.0	0.5869565217391305
175	176	Sentret	Normal		35	46	34	35	45	20	2	0	9.0	9.0	125.0	9.0	0.072
176	177	Furret	Normal		85	76	64	45	55	90	2	0	93.0	93.0	138.0	93.0	0.6739130434782609
177	178	Hoothoot	Normal	Volador	60	30	30	36	56	50	2	0	36.0	36.0	111.0	36.0	0.32432432432432434
178	179	Noctowl	Normal	Volador	100	50	50	76	96	70	2	0	68.0	68.0	136.0	68.0	0.5
179	180	Ledyba	Bicho	Volador	40	20	30	40	80	55	2	0	28.0	28.0	123.0	28.0	0.22764227642276422
180	181	Ledian	Bicho	Volador	55	35	50	55	110	85	2	0	86.0	86.0	137.0	86.0	0.6277372262773723
181	182	Spinarak	Bicho	Veneno	40	60	40	40	40	30	2	0	13.0	13.0	137.0	13.0	0.0948905109489051
182	183	Ariados	Bicho	Veneno	70	90	70	60	60	40	2	0					
183	184	Crobat	Veneno	Volador	85	90	80	70	80	130	2	0	113.0	113.0	122.0	113.0	0.9262295081967213
184	185	Chinchou	Agua	Electrico	75	38	38	56	56	67	2	0	60.0	60.0	114.0	60.0	0.5263157894736842
185	186	Lanturn	Agua	Electrico	125	58	58	76	76	67	2	0	66.0	66.0	128.0	66.0	0.515625
186	187	Pichu	Electrico		20	40	15	35	35	60	2	0	36.0	36.0	105.0	36.0	0.34285714285714286
187	188	Cleffa	Hada		50	25	28	45	55	15	2	0	7.0	7.0	112.0	7.0	0.0625
188	189	Igglybuff	Normal	Hada	90	30	15	40	20	15	2	0	5.0	5.0	115.0	5.0	0.043478260869565216
189	190	Togepi	Hada		35	20	65	40	65	20	2	0	3.0	3.0	122.0	3.0	0.02459016393442623
190	191	Togetic	Hada	Volador	55	40	85	80	105	40	2	0	30.0	30.0	127.0	30.0	0.23622047244094488
191	192	Natu	Psiquico	Volador	40	50	45	70	45	70	2	0	64.0	64.0	116.0	64.0	0.5517241379310345
192	193	Xatu	Psiquico	Volador	65	75	70	95	70	95	2	0	88.0	88.0	121.0	88.0	0.7272727272727273
193	194	Mareep	Electrico		55	40	40	65	45	35	2	0	23.0	23.0	140.0	23.0	0.16428571428571428
194	195	Flaaffy	Electrico		70	55	55	80	60	45	2	0	24.0	24.0	108.0	24.0	0.2222222222222222
195	196	Ampharos	Electrico		90	75	85	115	90	55	2	0	41.0	41.0	119.0	41.0	0.3445378151260504
196	197	Mega Ampharos	Electrico	Dragon	90	95	105	165	110	45	2	0	37.0	37.0	128.0	37.0	0.2890625
197	198	Bellossom	Planta		75	80	95	90	100	50	2	0	30.0	30.0	139.0	30.0	0.2158273381294964
198	199	Marill	Agua	Hada	70	20	50	20	50	40	2	0	19.0	19.0	122.0	19.0	0.1557377049180328
199	200	Azumarill	Agua	Hada	100	50	80	60	80	50	2	0	44.0	44.0	128.0	44.0	0.34375
200	201	Sudowoodo	Roca		70	100	115	30	65	30	2	0	30.0	30.0	123.0	30.0	0.24390243902439024
201	202	Politoed	Agua		90	75	75	90	100	70	2	0	65.0	65.0	119.0	65.0	0.5462184873949579
202	203	Hoppip	Planta	Volador	35	35	40	35	55	50	2	0	48.0	48.0	119.0	48.0	0.40336134453781514
203	204	Skiploom	Planta	Volador	55	45	50	45	65	80	2	0	66.0	66.0	119.0	66.0	0.5546218487394958
204	205	Jumpluff	Planta	Volador	75	55	70	55	95	110	2	0	114.0	114.0	135.0	114.0	0.8444444444444444
205	206	Aipom	Normal		55	70	55	40	55	85	2	0	87.0	87.0	123.0	87.0	0.7073170731707317
206	207	Sunkern	Planta		30	30	30	30	30	30	2	0	14.0	14.0	111.0	14.0	0.12612612612612611
207	208	Sunflora	Planta		75	75	55	105	85	30	2	0	23.0	23.0	142.0	23.0	0.1619718309859155
208	209	Yanma	Bicho	Volador	65	65	45	75	45	95	2	0	90.0	90.0	125.0	90.0	0.72
209	210	Wooper	Agua	Tierra	55	45	45	25	25	15	2	0	6.0	6.0	125.0	6.0	0.048
210	211	Quagsire	Agua	Tierra	95	85	85	65	65	35	2	0	36.0	36.0	140.0	36.0	0.2571428571428571
211	212	Espeon	Psiquico		65	65	60	130	95	110	2	0	117.0	117.0	142.0	117.0	0.823943661971831
212	213	Umbreon	Siniestro		95	65	110	60	130	65	2	0	67.0	67.0	127.0	67.0	0.5275590551181102
213	214	Murkrow	Siniestro	Volador	60	85	42	85	42	91	2	0	130.0	130.0	158.0	130.0	0.8227848101265823
214	215	Slowking	Agua	Psiquico	95	75	80	100	110	30	2	0	32.0	32.0	132.0	32.0	0.24242424242424243
215	216	Misdreavus	Fantasma		60	60	60	85	85	85	2	0	84.0	84.0	133.0	84.0	0.631578947368421
216	217	Unown	Psiquico		48	72	48	72	48	48	2	0	33.0	33.0	127.0	33.0	0.25984251968503935
217	218	Wobbuffet	Psiquico		190	33	58	33	58	33	2	0	18.0	18.0	134.0	18.0	0.13432835820895522
218	219	Girafarig	Normal	Psiquico	70	80	65	90	65	85	2	0	74.0	74.0	128.0	74.0	0.578125
219	220	Pineco	Bicho		50	65	90	35	35	15	2	0	16.0	16.0	109.0	16.0	0.14678899082568808
220	221	Forretress	Bicho	Acero	75	90	140	60	60	40	2	0	37.0	37.0	123.0	37.0	0.3008130081300813
221	222	Dunsparce	Normal		100	70	70	65	65	45	2	0	26.0	26.0	137.0	26.0	0.1897810218978102
222	223	Gligar	Tierra	Volador	65	75	105	35	65	85	2	0	93.0	93.0	134.0	93.0	0.6940298507462687
223	224	Steelix	Acero	Tierra	75	85	200	55	65	30	2	0	25.0	25.0	149.0	25.0	0.16778523489932887
224	225	Mega Steelix	Acero	Tierra	75	125	230	55	95	30	2	0	50.0	50.0	145.0	50.0	0.3448275862068966
225	226	Snubbull	Hada		60	80	50	40	40	30	2	0	21.0	21.0	137.0	21.0	0.15328467153284672
226	227	Granbull	Hada		90	120	75	60	60	45	2	0	35.0	35.0	119.0	35.0	0.29411764705882354
227	228	Qwilfish	Agua	Veneno	65	95	75	55	55	85	2	0	104.0	104.0	150.0	104.0	0.6933333333333334
228	229	Scizor	Bicho	Acero	70	130	100	55	80	65	2	0	76.0	76.0	125.0	76.0	0.608
229	230	Mega Scizor	Bicho	Acero	70	150	140	65	100	75	2	0	77.0	77.0	140.0	77.0	0.55
230	231	Shuckle	Bicho	Roca	20	10	230	10	230	5	2	0					
231	232	Heracross	Bicho	Combate	80	125	75	40	95	85	2	0	94.0	94.0	136.0	94.0	0.6911764705882353
232	233	Mega Heracross	Bicho	Combate	80	185	115	40	105	75	2	0	81.0	81.0	130.0	81.0	0.6230769230769231
233	234	Sneasel	Siniestro	Hielo	55	95	55	35	75	115	2	0	106.0	106.0	113.0	106.0	0.9380530973451328
234	235	Teddiursa	Normal		60	80	50	50	50	40	2	0	26.0	26.0	109.0	26.0	0.23853211009174313
235	236	Ursaring	Normal		90	130	75	75	75	55	2	0					
236	237	Slugma	Fuego		40	40	40	70	40	20	2	0	4.0	4.0	123.0	4.0	0.032520325203252036
237	238	Magcargo	Fuego	Roca	50	50	120	80	80	30	2	0	9.0	9.0	124.0	9.0	0.07258064516129033
238	239	Swinub	Hielo	Tierra	50	50	40	30	30	50	2	0	37.0	37.0	133.0	37.0	0.2781954887218045
239	240	Piloswine	Hielo	Tierra	100	100	80	60	60	50	2	0	36.0	36.0	118.0	36.0	0.3050847457627119
240	241	Corsola	Agua	Roca	55	55	85	65	85	35	2	0	28.0	28.0	139.0	28.0	0.2014388489208633
241	242	Remoraid	Agua		35	65	35	65	35	65	2	0	69.0	69.0	148.0	69.0	0.46621621621621623
242	243	Octillery	Agua		75	105	75	105	75	45	2	0	37.0	37.0	113.0	37.0	0.3274336283185841
243	244	Delibird	Hielo	Volador	45	55	45	65	45	75	2	0	74.0	74.0	130.0	74.0	0.5692307692307692
244	245	Mantine	Agua	Volador	65	40	70	80	140	70	2	0	78.0	78.0	131.0	78.0	0.5954198473282443
245	246	Skarmory	Acero	Volador	65	80	140	40	70	70	2	0	70.0	70.0	134.0	70.0	0.5223880597014925
246	247	Houndour	Siniestro	Fuego	45	60	30	80	50	65	2	0	58.0	58.0	126.0	58.0	0.4603174603174603
247	248	Houndoom	Siniestro	Fuego	75	90	50	110	80	95	2	0	111.0	111.0	139.0	111.0	0.7985611510791367
248	249	Mega Houndoom	Siniestro	Fuego	75	90	90	140	90	115	2	0	128.0	128.0	135.0	128.0	0.9481481481481482
249	250	Kingdra	Agua	Dragon	75	95	95	95	95	85	2	0	88.0	88.0	136.0	88.0	0.6470588235294118
250	251	Phanpy	Tierra		90	60	60	40	40	40	2	0	39.0	39.0	132.0	39.0	0.29545454545454547
251	252	Donphan	Tierra		90	120	120	60	60	50	2	0	48.0	48.0	136.0	48.0	0.35294117647058826
252	253	Porygon2	Normal		85	80	90	105	95	60	2	0	53.0	53.0	108.0	53.0	0.49074074074074076
253	254	Stantler	Normal		73	95	62	85	65	85	2	0	90.0	90.0	135.0	90.0	0.6666666666666666
254	255	Smeargle	Normal		55	20	35	20	45	75	2	0	52.0	52.0	138.0	52.0	0.37681159420289856
255	256	Tyrogue	Combate		35	35	35	35	35	35	2	0	17.0	17.0	127.0	17.0	0.13385826771653545
256	257	Hitmontop	Combate		50	95	95	35	110	70	2	0	72.0	72.0	139.0	72.0	0.5179856115107914
257	258	Smoochum	Hielo	Psiquico	45	30	15	85	65	65	2	0	46.0	46.0	127.0	46.0	0.36220472440944884
258	259	Elekid	Electrico		45	63	37	65	55	95	2	0	116.0	116.0	144.0	116.0	0.8055555555555556
259	260	Magby	Fuego		45	75	37	70	55	83	2	0	81.0	81.0	131.0	81.0	0.6183206106870229
260	261	Miltank	Normal		95	80	105	40	70	100	2	0	103.0	103.0	128.0	103.0	0.8046875
261	262	Blissey	Normal		255	10	10	75	135	55	2	0	40.0	40.0	128.0	40.0	0.3125
262	263	Raikou	Electrico		90	85	75	115	100	115	2	1	91.0	91.0	97.0	91.0	0.9381443298969072
263	264	Entei	Fuego		115	115	85	90	75	100	2	1	109.0	109.0	134.0	109.0	0.8134328358208955
264	265	Suicune	Agua		100	75	115	90	115	85	2	1	78.0	78.0	121.0	78.0	0.6446280991735537
265	266	Larvitar	Roca	Tierra	50	64	50	45	50	41	2	0	25.0	25.0	110.0	25.0	0.22727272727272727
266	267	Pupitar	Roca	Tierra	70	84	70	65	70	51	2	0	41.0	41.0	139.0	41.0	0.2949640287769784
267	268	Tyranitar	Roca	Siniestro	100	134	110	95	100	61	2	0	56.0	56.0	138.0	56.0	0.4057971014492754
268	269	Mega Tyranitar	Roca	Siniestro	100	164	150	95	120	71	2	0	70.0	70.0	124.0	70.0	0.5645161290322581
269	270	Lugia	Psiquico	Volador	106	90	130	90	154	110	2	1	107.0	107.0	123.0	107.0	0.8699186991869918
270	271	Ho-Oh	Fuego	Volador	106	130	90	110	154	90	2	1	77.0	77.0	107.0	77.0	0.719626168224299
271	272	Celebi	Psiquico	Planta	100	100	100	100	100	100	2	0	111.0	111.0	133.0	111.0	0.8345864661654135
272	273	Treecko	Planta		40	45	35	65	55	70	3	0	52.0	52.0	116.0	52.0	0.4482758620689655
273	274	Grovyle	Planta		50	65	45	85	65	95	3	0	76.0	76.0	105.0	76.0	0.7238095238095238
274	275	Sceptile	Planta		70	85	65	105	85	120	3	0	113.0	113.0	122.0	113.0	0.9262295081967213
275	276	Mega Sceptile	Planta	Dragon	70	110	75	145	85	145	3	0	119.0	119.0	126.0	119.0	0.9444444444444444
276	277	Torchic	Fuego		45	60	40	70	50	45	3	0	39.0	39.0	137.0	39.0	0.2846715328467153
277	278	Combusken	Fuego	Combate	60	85	60	85	60	55	3	0	54.0	54.0	147.0	54.0	0.3673469387755102
278	279	Blaziken	Fuego	Combate	80	120	70	110	70	80	3	0	79.0	79.0	123.0	79.0	0.6422764227642277
279	280	Mega Blaziken	Fuego	Combate	80	160	80	130	80	100	3	0	104.0	104.0	123.0	104.0	0.8455284552845529
280	281	Mudkip	Agua		50	70	50	50	50	40	3	0	22.0	22.0	135.0	22.0	0.16296296296296298
281	282	Marshtomp	Agua	Tierra	70	85	70	60	70	50	3	0	42.0	42.0	148.0	42.0	0.28378378378378377
282	283	Swampert	Agua	Tierra	100	110	90	85	90	60	3	0	65.0	65.0	136.0	65.0	0.47794117647058826
283	284	Mega Swampert	Agua	Tierra	100	150	110	95	110	70	3	0	77.0	77.0	130.0	77.0	0.5923076923076923
284	285	Poochyena	Siniestro		35	55	35	30	30	35	3	0	27.0	27.0	114.0	27.0	0.23684210526315788
285	286	Mightyena	Siniestro		70	90	70	60	60	70	3	0	85.0	85.0	133.0	85.0	0.6390977443609023
286	287	Zigzagoon	Normal		38	30	41	30	41	60	3	0	31.0	31.0	107.0	31.0	0.2897196261682243
287	288	Linoone	Normal		78	70	61	50	61	100	3	0	101.0	101.0	124.0	101.0	0.8145161290322581
288	289	Wurmple	Bicho		45	45	35	20	30	20	3	0	10.0	10.0	138.0	10.0	0.07246376811594203
289	290	Silcoon	Bicho		50	35	55	25	25	15	3	0	3.0	3.0	138.0	3.0	0.021739130434782608
290	291	Beautifly	Bicho	Volador	60	70	50	100	50	65	3	0	72.0	72.0	138.0	72.0	0.5217391304347826
291	292	Cascoon	Bicho		50	35	55	25	25	15	3	0	7.0	7.0	133.0	7.0	0.05263157894736842
292	293	Dustox	Bicho	Veneno	60	50	70	50	90	65	3	0	55.0	55.0	139.0	55.0	0.39568345323741005
293	294	Lotad	Agua	Planta	40	30	30	40	50	30	3	0	10.0	10.0	126.0	10.0	0.07936507936507936
294	295	Lombre	Agua	Planta	60	50	50	60	70	50	3	0	36.0	36.0	127.0	36.0	0.28346456692913385
295	296	Ludicolo	Agua	Planta	80	70	70	90	100	70	3	0	69.0	69.0	123.0	69.0	0.5609756097560976
296	297	Seedot	Planta		40	40	50	30	30	30	3	0	11.0	11.0	126.0	11.0	0.0873015873015873
297	298	Nuzleaf	Planta	Siniestro	70	70	40	60	40	60	3	0	48.0	48.0	113.0	48.0	0.4247787610619469
298	299	Shiftry	Planta	Siniestro	90	100	60	90	60	80	3	0	79.0	79.0	123.0	79.0	0.6422764227642277
299	300	Taillow	Normal	Volador	40	55	30	30	30	85	3	0	86.0	86.0	125.0	86.0	0.688
300	301	Swellow	Normal	Volador	60	85	60	50	50	125	3	0	110.0	110.0	121.0	110.0	0.9090909090909091
301	302	Wingull	Agua	Volador	40	30	30	55	30	85	3	0	56.0	56.0	120.0	56.0	0.4666666666666667
302	303	Pelipper	Agua	Volador	60	50	100	85	70	65	3	0	59.0	59.0	124.0	59.0	0.47580645161290325
303	304	Ralts	Psiquico	Hada	28	25	25	45	35	40	3	0	23.0	23.0	143.0	23.0	0.16083916083916083
304	305	Kirlia	Psiquico	Hada	38	35	35	65	55	50	3	0	36.0	36.0	136.0	36.0	0.2647058823529412
305	306	Gardevoir	Psiquico	Hada	68	65	65	125	115	80	3	0	84.0	84.0	130.0	84.0	0.6461538461538462
306	307	Mega Gardevoir	Psiquico	Hada	68	85	65	165	135	100	3	0	97.0	97.0	120.0	97.0	0.8083333333333333
307	308	Surskit	Bicho	Agua	40	30	32	50	52	65	3	0	47.0	47.0	128.0	47.0	0.3671875
308	309	Masquerain	Bicho	Volador	70	60	62	80	82	60	3	0	63.0	63.0	144.0	63.0	0.4375
309	310	Shroomish	Planta		60	40	60	40	60	35	3	0	26.0	26.0	144.0	26.0	0.18055555555555555
310	311	Breloom	Planta	Combate	60	130	80	60	60	70	3	0	67.0	67.0	130.0	67.0	0.5153846153846153
311	312	Slakoth	Normal		60	60	60	35	35	30	3	0	15.0	15.0	134.0	15.0	0.11194029850746269
312	313	Vigoroth	Normal		80	80	80	55	55	90	3	0	86.0	86.0	134.0	86.0	0.6417910447761194
313	314	Slaking	Normal		150	160	100	95	65	100	3	0	133.0	133.0	150.0	133.0	0.8866666666666667
314	315	Nincada	Bicho	Tierra	31	45	90	30	30	40	3	0	25.0	25.0	114.0	25.0	0.21929824561403508
315	316	Ninjask	Bicho	Volador	61	90	45	50	50	160	3	0	108.0	108.0	117.0	108.0	0.9230769230769231
316	317	Shedinja	Bicho	Fantasma	1	90	45	30	30	40	3	0	41.0	41.0	124.0	41.0	0.33064516129032256
317	318	Whismur	Normal		64	51	23	51	23	28	3	0	15.0	15.0	132.0	15.0	0.11363636363636363
318	319	Loudred	Normal		84	71	43	71	43	48	3	0	37.0	37.0	143.0	37.0	0.25874125874125875
319	320	Exploud	Normal		104	91	63	91	73	68	3	0	65.0	65.0	127.0	65.0	0.5118110236220472
320	321	Makuhita	Combate		72	60	30	20	30	25	3	0	14.0	14.0	121.0	14.0	0.11570247933884298
321	322	Hariyama	Combate		144	120	60	40	60	50	3	0					
322	323	Azurill	Normal	Hada	50	20	40	20	40	20	3	0	13.0	13.0	135.0	13.0	0.0962962962962963
323	324	Nosepass	Roca		30	45	135	45	90	30	3	0	13.0	13.0	140.0	13.0	0.09285714285714286
324	325	Skitty	Normal		50	45	45	35	35	50	3	0	32.0	32.0	136.0	32.0	0.23529411764705882
325	326	Delcatty	Normal		70	65	65	55	55	70	3	0	58.0	58.0	116.0	58.0	0.5
326	327	Sableye	Siniestro	Fantasma	50	75	75	65	65	50	3	0	49.0	49.0	121.0	49.0	0.4049586776859504
327	328	Mega Sableye	Siniestro	Fantasma	50	85	125	85	115	20	3	0	59.0	59.0	137.0	59.0	0.4306569343065693
328	329	Mawile	Acero	Hada	50	85	85	55	55	50	3	0	48.0	48.0	123.0	48.0	0.3902439024390244
329	330	Mega Mawile	Acero	Hada	50	105	125	55	95	50	3	0	53.0	53.0	141.0	53.0	0.375886524822695
330	331	Aron	Acero	Roca	50	70	100	40	40	30	3	0	28.0	28.0	126.0	28.0	0.2222222222222222
331	332	Lairon	Acero	Roca	60	90	140	50	50	40	3	0	36.0	36.0	142.0	36.0	0.2535211267605634
332	333	Aggron	Acero	Roca	70	110	180	60	60	50	3	0	63.0	63.0	153.0	63.0	0.4117647058823529
333	334	Mega Aggron	Acero		70	140	230	60	80	50	3	0	48.0	48.0	148.0	48.0	0.32432432432432434
334	335	Meditite	Combate	Psiquico	30	40	55	40	55	60	3	0	45.0	45.0	139.0	45.0	0.3237410071942446
335	336	Medicham	Combate	Psiquico	60	60	75	60	75	80	3	0	82.0	82.0	112.0	82.0	0.7321428571428571
336	337	Mega Medicham	Combate	Psiquico	60	100	85	80	85	100	3	0	89.0	89.0	127.0	89.0	0.7007874015748031
337	338	Electrike	Electrico		40	45	40	65	40	65	3	0	77.0	77.0	136.0	77.0	0.5661764705882353
338	339	Manectric	Electrico		70	75	60	105	60	105	3	0	110.0	110.0	125.0	110.0	0.88
339	340	Mega Manectric	Electrico		70	75	80	135	80	135	3	0	123.0	123.0	134.0	123.0	0.917910447761194
340	341	Plusle	Electrico		60	50	40	85	75	95	3	0	92.0	92.0	122.0	92.0	0.7540983606557377
341	342	Minun	Electrico		60	40	50	75	85	95	3	0	81.0	81.0	134.0	81.0	0.6044776119402985
342	343	Volbeat	Bicho		65	73	55	47	75	85	3	0	76.0	76.0	111.0	76.0	0.6846846846846847
343	344	Illumise	Bicho		65	47	55	73	75	85	3	0	104.0	104.0	160.0	104.0	0.65
344	345	Roselia	Planta	Veneno	50	60	45	100	80	65	3	0	53.0	53.0	116.0	53.0	0.45689655172413796
345	346	Gulpin	Veneno		70	43	53	43	53	40	3	0	21.0	21.0	110.0	21.0	0.19090909090909092
346	347	Swalot	Veneno		100	73	83	73	83	55	3	0	45.0	45.0	121.0	45.0	0.371900826446281
347	348	Carvanha	Agua	Siniestro	45	90	20	65	20	65	3	0	66.0	66.0	129.0	66.0	0.5116279069767442
348	349	Sharpedo	Agua	Siniestro	70	120	40	95	40	95	3	0	107.0	107.0	132.0	107.0	0.8106060606060606
349	350	Mega Sharpedo	Agua	Siniestro	70	140	70	110	65	105	3	0	114.0	114.0	120.0	114.0	0.95
350	351	Wailmer	Agua		130	70	35	70	35	60	3	0	45.0	45.0	112.0	45.0	0.4017857142857143
351	352	Wailord	Agua		170	90	45	90	45	60	3	0	59.0	59.0	138.0	59.0	0.427536231884058
352	353	Numel	Fuego	Tierra	60	60	40	65	45	35	3	0	19.0	19.0	120.0	19.0	0.15833333333333333
353	354	Camerupt	Fuego	Tierra	70	100	70	105	75	40	3	0	26.0	26.0	112.0	26.0	0.23214285714285715
354	355	Mega Camerupt	Fuego	Tierra	70	120	100	145	105	20	3	0	37.0	37.0	131.0	37.0	0.2824427480916031
355	356	Torkoal	Fuego		70	85	140	85	70	20	3	0	34.0	34.0	125.0	34.0	0.272
356	357	Spoink	Psiquico		60	25	35	70	80	60	3	0	36.0	36.0	117.0	36.0	0.3076923076923077
357	358	Grumpig	Psiquico		80	45	65	90	110	80	3	0	59.0	59.0	108.0	59.0	0.5462962962962963
358	359	Spinda	Normal		60	60	60	60	60	60	3	0	48.0	48.0	126.0	48.0	0.38095238095238093
359	360	Trapinch	Tierra		45	100	45	45	45	10	3	0	41.0	41.0	139.0	41.0	0.2949640287769784
360	361	Vibrava	Tierra	Dragon	50	70	50	50	50	70	3	0	70.0	70.0	124.0	70.0	0.5645161290322581
361	362	Flygon	Tierra	Dragon	80	100	80	80	80	100	3	0	105.0	105.0	116.0	105.0	0.9051724137931034
362	363	Cacnea	Planta		50	85	40	85	40	35	3	0	22.0	22.0	126.0	22.0	0.1746031746031746
363	364	Cacturne	Planta	Siniestro	70	115	60	115	60	55	3	0	66.0	66.0	142.0	66.0	0.4647887323943662
364	365	Swablu	Normal	Volador	45	40	60	40	75	50	3	0	36.0	36.0	123.0	36.0	0.2926829268292683
365	366	Altaria	Dragon	Volador	75	70	90	70	105	80	3	0	82.0	82.0	125.0	82.0	0.656
366	367	Mega Altaria	Dragon	Hada	75	110	110	110	105	80	3	0	90.0	90.0	137.0	90.0	0.656934306569343
367	368	Zangoose	Normal		73	115	60	60	60	90	3	0	79.0	79.0	118.0	79.0	0.6694915254237288
368	369	Seviper	Veneno		73	100	60	100	60	65	3	0	61.0	61.0	143.0	61.0	0.42657342657342656
369	370	Lunatone	Roca	Psiquico	70	55	65	95	85	70	3	0	69.0	69.0	130.0	69.0	0.5307692307692308
370	371	Solrock	Roca	Psiquico	70	95	85	55	65	70	3	0	54.0	54.0	108.0	54.0	0.5
371	372	Barboach	Agua	Tierra	50	48	43	46	41	60	3	0	70.0	70.0	148.0	70.0	0.47297297297297297
372	373	Whiscash	Agua	Tierra	110	78	73	76	71	60	3	0	41.0	41.0	123.0	41.0	0.3333333333333333
373	374	Corphish	Agua		43	80	65	50	35	35	3	0	22.0	22.0	155.0	22.0	0.14193548387096774
374	375	Crawdaunt	Agua	Siniestro	63	120	85	90	55	55	3	0	34.0	34.0	121.0	34.0	0.2809917355371901
375	376	Baltoy	Tierra	Psiquico	40	40	55	40	70	55	3	0	61.0	61.0	149.0	61.0	0.40939597315436244
376	377	Claydol	Tierra	Psiquico	60	70	105	70	120	75	3	0	73.0	73.0	122.0	73.0	0.5983606557377049
377	378	Lileep	Roca	Planta	66	41	77	61	87	23	3	0	15.0	15.0	124.0	15.0	0.12096774193548387
378	379	Cradily	Roca	Planta	86	81	97	81	107	43	3	0	26.0	26.0	128.0	26.0	0.203125
379	380	Anorith	Roca	Bicho	45	95	50	40	50	75	3	0	81.0	81.0	150.0	81.0	0.54
380	381	Armaldo	Roca	Bicho	75	125	100	70	80	45	3	0	37.0	37.0	112.0	37.0	0.33035714285714285
381	382	Feebas	Agua		20	15	20	10	55	80	3	0	33.0	33.0	123.0	33.0	0.2682926829268293
382	383	Milotic	Agua		95	60	79	100	125	81	3	0	80.0	80.0	129.0	80.0	0.6201550387596899
383	384	Castform	Normal		70	70	70	70	70	70	3	0	64.0	64.0	121.0	64.0	0.5289256198347108
384	385	Kecleon	Normal		60	90	70	60	120	40	3	0	34.0	34.0	124.0	34.0	0.27419354838709675
385	386	Shuppet	Fantasma		44	75	35	63	33	45	3	0	36.0	36.0	136.0	36.0	0.2647058823529412
386	387	Banette	Fantasma		64	115	65	83	63	65	3	0	74.0	74.0	139.0	74.0	0.5323741007194245
387	388	Mega Banette	Fantasma		64	165	75	93	83	75	3	0	83.0	83.0	126.0	83.0	0.6587301587301587
388	389	Duskull	Fantasma		20	40	90	30	90	25	3	0	15.0	15.0	132.0	15.0	0.11363636363636363
389	390	Dusclops	Fantasma		40	70	130	60	130	25	3	0	21.0	21.0	121.0	21.0	0.17355371900826447
390	391	Tropius	Planta	Volador	99	68	83	72	87	51	3	0	56.0	56.0	134.0	56.0	0.417910447761194
391	392	Chimecho	Psiquico		65	50	70	95	80	65	3	0	52.0	52.0	122.0	52.0	0.4262295081967213
392	393	Absol	Siniestro		65	130	60	75	60	75	3	0	89.0	89.0	129.0	89.0	0.689922480620155
393	394	Mega Absol	Siniestro		65	150	60	115	60	115	3	0	130.0	130.0	139.0	130.0	0.935251798561151
394	395	Wynaut	Psiquico		95	23	48	23	48	23	3	0	6.0	6.0	130.0	6.0	0.046153846153846156
395	396	Snorunt	Hielo		50	50	50	50	50	50	3	0	39.0	39.0	127.0	39.0	0.30708661417322836
396	397	Glalie	Hielo		80	80	80	80	80	80	3	0	80.0	80.0	133.0	80.0	0.6015037593984962
397	398	Mega Glalie	Hielo		80	120	80	120	80	100	3	0	78.0	78.0	92.0	78.0	0.8478260869565217
398	399	Spheal	Hielo	Agua	70	40	50	55	50	25	3	0	8.0	8.0	131.0	8.0	0.061068702290076333
399	400	Sealeo	Hielo	Agua	90	60	70	75	70	45	3	0	32.0	32.0	134.0	32.0	0.23880597014925373
400	401	Walrein	Hielo	Agua	110	80	90	95	90	65	3	0	75.0	75.0	149.0	75.0	0.5033557046979866
401	402	Clamperl	Agua		35	64	85	74	55	32	3	0	23.0	23.0	116.0	23.0	0.19827586206896552
402	403	Huntail	Agua		55	104	105	94	75	52	3	0	48.0	48.0	132.0	48.0	0.36363636363636365
403	404	Gorebyss	Agua		55	84	105	114	75	52	3	0	37.0	37.0	128.0	37.0	0.2890625
404	405	Relicanth	Agua	Roca	100	90	130	45	65	55	3	0	57.0	57.0	134.0	57.0	0.4253731343283582
405	406	Luvdisc	Agua		43	30	55	40	65	97	3	0	79.0	79.0	131.0	79.0	0.6030534351145038
406	407	Bagon	Dragon		45	75	60	40	30	50	3	0	38.0	38.0	125.0	38.0	0.304
407	408	Shelgon	Dragon		65	95	100	60	50	50	3	0	43.0	43.0	123.0	43.0	0.34959349593495936
408	409	Salamence	Dragon	Volador	95	135	80	110	80	100	3	0	113.0	113.0	137.0	113.0	0.8248175182481752
409	410	Mega Salamence	Dragon	Volador	95	145	130	120	90	120	3	0	125.0	125.0	133.0	125.0	0.9398496240601504
410	411	Beldum	Acero	Psiquico	40	55	80	35	60	30	3	0	20.0	20.0	133.0	20.0	0.15037593984962405
411	412	Metang	Acero	Psiquico	60	75	100	55	80	50	3	0	42.0	42.0	136.0	42.0	0.3088235294117647
412	413	Metagross	Acero	Psiquico	80	135	130	95	90	70	3	0	57.0	57.0	110.0	57.0	0.5181818181818182
413	414	Mega Metagross	Acero	Psiquico	80	145	150	105	110	110	3	0	113.0	113.0	130.0	113.0	0.8692307692307693
414	415	Regirock	Roca		80	100	200	50	100	50	3	1	50.0	50.0	144.0	50.0	0.3472222222222222
415	416	Regice	Hielo		80	50	100	100	200	50	3	1	33.0	33.0	140.0	33.0	0.2357142857142857
416	417	Registeel	Acero		80	75	150	75	150	50	3	1	35.0	35.0	113.0	35.0	0.30973451327433627
417	418	Latias	Dragon	Psiquico	80	80	90	110	130	110	3	1	116.0	116.0	133.0	116.0	0.8721804511278195
418	419	Mega Latias	Dragon	Psiquico	80	100	120	140	150	110	3	1					
419	420	Latios	Dragon	Psiquico	80	90	80	130	110	110	3	1	107.0	107.0	125.0	107.0	0.856
420	421	Mega Latios	Dragon	Psiquico	80	130	100	160	120	110	3	1	97.0	97.0	108.0	97.0	0.8981481481481481
421	422	Kyogre	Agua		100	100	90	150	140	90	3	1	92.0	92.0	128.0	92.0	0.71875
422	423	Kyogre primario	Agua		100	150	90	180	160	90	3	1	97.0	97.0	132.0	97.0	0.7348484848484849
423	424	Groudon	Tierra		100	150	140	100	90	90	3	1	106.0	106.0	133.0	106.0	0.7969924812030075
424	425	Groudon primario	Tierra	Fuego	100	180	160	150	90	90	3	1	91.0	91.0	121.0	91.0	0.7520661157024794
425	426	Rayquaza	Dragon	Volador	105	150	90	150	90	95	3	1	116.0	116.0	140.0	116.0	0.8285714285714286
426	427	Mega Rayquaza	Dragon	Volador	105	180	100	180	100	115	3	1	127.0	127.0	134.0	127.0	0.9477611940298507
427	428	Jirachi	Acero	Psiquico	100	100	100	100	100	100	3	1	134.0	134.0	153.0	134.0	0.8758169934640523
428	429	Deoxys forma normal	Psiquico		50	150	50	150	50	150	3	1	99.0	99.0	106.0	99.0	0.9339622641509434
429	430	Deoxys forma ataque	Psiquico		50	180	20	180	20	150	3	1	121.0	121.0	134.0	121.0	0.9029850746268657
430	431	Deoxys forma defensa	Psiquico		50	70	160	70	160	90	3	1	112.0	112.0	151.0	112.0	0.7417218543046358
431	432	Deoxys forma r?pida	Psiquico		50	95	90	95	90	180	3	1	133.0	133.0	145.0	133.0	0.9172413793103448
432	433	Turtwig	Planta		55	68	64	45	55	31	4	0	14.0	14.0	120.0	14.0	0.11666666666666667
433	434	Grotle	Planta		75	89	85	55	65	36	4	0	39.0	39.0	132.0	39.0	0.29545454545454547
434	435	Torterra	Planta	Tierra	95	109	105	75	85	56	4	0	39.0	39.0	113.0	39.0	0.34513274336283184
435	436	Chimchar	Fuego		44	58	44	58	44	61	4	0	47.0	47.0	112.0	47.0	0.41964285714285715
436	437	Monferno	Fuego	Combate	64	78	52	78	52	81	4	0	79.0	79.0	123.0	79.0	0.6422764227642277
437	438	Infernape	Fuego	Combate	76	104	71	104	71	108	4	0	136.0	136.0	149.0	136.0	0.912751677852349
438	439	Piplup	Agua		53	51	53	61	56	40	4	0	20.0	20.0	140.0	20.0	0.14285714285714285
439	440	Prinplup	Agua		64	66	68	81	76	50	4	0	33.0	33.0	131.0	33.0	0.25190839694656486
440	441	Empoleon	Agua	Acero	84	86	88	111	101	60	4	0	57.0	57.0	123.0	57.0	0.4634146341463415
441	442	Starly	Normal	Volador	40	55	30	30	30	60	4	0	54.0	54.0	124.0	54.0	0.43548387096774194
442	443	Staravia	Normal	Volador	55	75	50	40	40	80	4	0	75.0	75.0	119.0	75.0	0.6302521008403361
443	444	Staraptor	Normal	Volador	85	120	70	50	60	100	4	0	113.0	113.0	136.0	113.0	0.8308823529411765
444	445	Bidoof	Normal		59	45	40	35	40	31	4	0	19.0	19.0	133.0	19.0	0.14285714285714285
445	446	Bibarel	Normal	Agua	79	85	60	55	60	71	4	0	84.0	84.0	139.0	84.0	0.60431654676259
446	447	Kricketot	Bicho		37	25	41	25	41	25	4	0	11.0	11.0	124.0	11.0	0.08870967741935484
447	448	Kricketune	Bicho		77	85	51	55	51	65	4	0	63.0	63.0	122.0	63.0	0.5163934426229508
448	449	Shinx	Electrico		45	65	34	40	34	45	4	0	36.0	36.0	139.0	36.0	0.2589928057553957
449	450	Luxio	Electrico		60	85	49	60	49	60	4	0	56.0	56.0	126.0	56.0	0.4444444444444444
450	451	Luxray	Electrico		80	120	79	95	79	70	4	0	77.0	77.0	132.0	77.0	0.5833333333333334
451	452	Budew	Planta	Veneno	40	30	35	50	70	55	4	0	33.0	33.0	117.0	33.0	0.28205128205128205
452	453	Roserade	Planta	Veneno	60	70	65	125	105	90	4	0	94.0	94.0	136.0	94.0	0.6911764705882353
453	454	Cranidos	Roca		67	125	40	30	30	58	4	0	35.0	35.0	102.0	35.0	0.3431372549019608
454	455	Rampardos	Roca		97	165	60	65	50	58	4	0	48.0	48.0	123.0	48.0	0.3902439024390244
455	456	Shieldon	Roca	Acero	30	42	118	42	88	30	4	0	14.0	14.0	125.0	14.0	0.112
456	457	Bastiodon	Roca	Acero	60	52	168	47	138	30	4	0	24.0	24.0	121.0	24.0	0.19834710743801653
457	458	Burmy	Bicho		40	29	45	29	45	36	4	0	18.0	18.0	123.0	18.0	0.14634146341463414
458	459	Wormadam tronco planta	Bicho	Planta	60	59	85	79	105	36	4	0	21.0	21.0	126.0	21.0	0.16666666666666666
459	460	Wormadam tronco arena	Bicho	Tierra	60	79	105	59	85	36	4	0	22.0	22.0	129.0	22.0	0.17054263565891473
460	461	Wormadam tronco basura	Bicho	Acero	60	69	95	69	95	36	4	0	36.0	36.0	138.0	36.0	0.2608695652173913
461	462	Mothim	Bicho	Volador	70	94	50	94	50	66	4	0	65.0	65.0	135.0	65.0	0.48148148148148145
462	463	Combee	Bicho	Volador	30	30	42	30	42	70	4	0	55.0	55.0	130.0	55.0	0.4230769230769231
463	464	Vespiquen	Bicho	Volador	70	80	102	80	102	40	4	0	34.0	34.0	127.0	34.0	0.2677165354330709
464	465	Pachirisu	Electrico		60	45	70	45	90	95	4	0	103.0	103.0	141.0	103.0	0.7304964539007093
465	466	Buizel	Agua		55	65	35	60	30	85	4	0	68.0	68.0	111.0	68.0	0.6126126126126126
466	467	Floatzel	Agua		85	105	55	85	50	115	4	0	112.0	112.0	124.0	112.0	0.9032258064516129
467	468	Cherubi	Planta		45	35	45	62	53	35	4	0	16.0	16.0	135.0	16.0	0.11851851851851852
468	469	Cherrim	Planta		70	60	70	87	78	85	4	0	71.0	71.0	114.0	71.0	0.6228070175438597
469	470	Shellos	Agua		76	48	48	57	62	34	4	0	18.0	18.0	154.0	18.0	0.11688311688311688
470	471	Gastrodon	Agua	Tierra	111	83	68	92	82	39	4	0	22.0	22.0	124.0	22.0	0.1774193548387097
471	472	Ambipom	Normal		75	100	66	60	66	115	4	0	102.0	102.0	111.0	102.0	0.918918918918919
472	473	Drifloon	Fantasma	Volador	90	50	34	60	44	70	4	0	71.0	71.0	113.0	71.0	0.6283185840707964
473	474	Drifblim	Fantasma	Volador	150	80	44	90	54	80	4	0	80.0	80.0	128.0	80.0	0.625
474	475	Buneary	Normal		55	66	44	44	56	85	4	0	93.0	93.0	135.0	93.0	0.6888888888888889
475	476	Lopunny	Normal		65	76	84	54	96	105	4	0	109.0	109.0	121.0	109.0	0.9008264462809917
476	477	Mega Lopunny	Normal	Combate	65	136	94	54	96	135	4	0	124.0	124.0	129.0	124.0	0.9612403100775194
477	478	Mismagius	Fantasma		60	60	60	105	105	105	4	0	106.0	106.0	125.0	106.0	0.848
478	479	Honchkrow	Siniestro	Volador	100	125	52	105	52	71	4	0					
479	480	Glameow	Normal		49	55	42	42	37	85	4	0	71.0	71.0	117.0	71.0	0.6068376068376068
480	481	Purugly	Normal		71	82	64	64	59	112	4	0	111.0	111.0	119.0	111.0	0.9327731092436975
481	482	Chingling	Psiquico		45	30	50	65	50	45	4	0	17.0	17.0	123.0	17.0	0.13821138211382114
482	483	Stunky	Veneno	Siniestro	63	63	47	41	41	74	4	0	70.0	70.0	125.0	70.0	0.56
483	484	Skuntank	Veneno	Siniestro	103	93	67	71	61	84	4	0	85.0	85.0	119.0	85.0	0.7142857142857143
484	485	Bronzor	Acero	Psiquico	57	24	86	24	86	23	4	0	14.0	14.0	110.0	14.0	0.12727272727272726
485	486	Bronzong	Acero	Psiquico	67	89	116	79	116	33	4	0	37.0	37.0	141.0	37.0	0.2624113475177305
486	487	Bonsly	Roca		50	80	95	10	45	10	4	0	29.0	29.0	125.0	29.0	0.232
487	488	Mime Jr.	Psiquico	Hada	20	25	45	70	90	60	4	0	37.0	37.0	120.0	37.0	0.30833333333333335
488	489	Happiny	Normal		100	5	5	15	65	30	4	0	8.0	8.0	104.0	8.0	0.07692307692307693
489	490	Chatot	Normal	Volador	76	65	45	92	42	91	4	0	111.0	111.0	149.0	111.0	0.7449664429530202
490	491	Spiritomb	Fantasma	Siniestro	50	92	108	92	108	35	4	0	29.0	29.0	118.0	29.0	0.2457627118644068
491	492	Gible	Dragon	Tierra	58	70	45	40	45	42	4	0	35.0	35.0	135.0	35.0	0.25925925925925924
492	493	Gabite	Dragon	Tierra	68	90	65	50	55	82	4	0	82.0	82.0	133.0	82.0	0.6165413533834586
493	494	Garchomp	Dragon	Tierra	108	130	95	80	85	102	4	0	97.0	97.0	127.0	97.0	0.7637795275590551
494	495	Mega Garchomp	Dragon	Tierra	108	170	115	120	95	92	4	0	85.0	85.0	120.0	85.0	0.7083333333333334
495	496	Munchlax	Normal		135	85	40	40	85	5	4	0	81.0	81.0	118.0	81.0	0.6864406779661016
496	497	Riolu	Combate		40	70	40	35	40	60	4	0	49.0	49.0	125.0	49.0	0.392
497	498	Lucario	Combate	Acero	70	110	70	115	70	90	4	0	90.0	90.0	120.0	90.0	0.75
498	499	Mega Lucario	Combate	Acero	70	145	88	140	70	112	4	0	96.0	96.0	108.0	96.0	0.8888888888888888
499	500	Hippopotas	Tierra		68	72	78	38	42	32	4	0	30.0	30.0	126.0	30.0	0.23809523809523808
500	501	Hippowdon	Tierra		108	112	118	68	72	47	4	0	35.0	35.0	120.0	35.0	0.2916666666666667
501	502	Skorupi	Veneno	Bicho	40	50	90	30	55	65	4	0	63.0	63.0	141.0	63.0	0.44680851063829785
502	503	Drapion	Veneno	Siniestro	70	90	110	60	75	95	4	0	88.0	88.0	120.0	88.0	0.7333333333333333
503	504	Croagunk	Veneno	Combate	48	61	40	61	40	50	4	0	29.0	29.0	114.0	29.0	0.2543859649122807
504	505	Toxicroak	Veneno	Combate	83	106	65	86	65	85	4	0	85.0	85.0	128.0	85.0	0.6640625
505	506	Carnivine	Planta		74	100	72	90	72	46	4	0	28.0	28.0	114.0	28.0	0.24561403508771928
506	507	Finneon	Agua		49	49	56	49	61	66	4	0	68.0	68.0	131.0	68.0	0.5190839694656488
507	508	Lumineon	Agua		69	69	76	69	86	91	4	0	78.0	78.0	119.0	78.0	0.6554621848739496
508	509	Mantyke	Agua	Volador	45	20	50	60	120	50	4	0	26.0	26.0	108.0	26.0	0.24074074074074073
509	510	Snover	Planta	Hielo	60	62	50	62	60	40	4	0	22.0	22.0	121.0	22.0	0.18181818181818182
510	511	Abomasnow	Planta	Hielo	90	92	75	92	85	60	4	0	60.0	60.0	121.0	60.0	0.49586776859504134
511	512	Mega Abomasnow	Planta	Hielo	90	132	105	132	105	30	4	0	62.0	62.0	146.0	62.0	0.4246575342465753
512	513	Weavile	Siniestro	Hielo	70	120	65	45	85	125	4	0	116.0	116.0	119.0	116.0	0.9747899159663865
513	514	Magnezone	Electrico	Acero	70	70	115	130	90	60	4	0	63.0	63.0	118.0	63.0	0.5338983050847458
514	515	Licklicky	Normal		110	85	95	80	95	50	4	0	35.0	35.0	129.0	35.0	0.2713178294573643
515	516	Rhyperior	Tierra	Roca	115	140	130	55	55	40	4	0	47.0	47.0	104.0	47.0	0.4519230769230769
516	517	Tangrowth	Planta		100	100	125	110	50	50	4	0	48.0	48.0	125.0	48.0	0.384
517	518	Electivire	Electrico		75	123	67	95	85	95	4	0	94.0	94.0	123.0	94.0	0.7642276422764228
518	519	Magmortar	Fuego		75	95	67	125	95	83	4	0	79.0	79.0	111.0	79.0	0.7117117117117117
519	520	Togekiss	Hada	Volador	85	50	95	120	115	80	4	0	73.0	73.0	126.0	73.0	0.5793650793650794
520	521	Yanmega	Bicho	Volador	86	76	86	116	56	95	4	0	91.0	91.0	114.0	91.0	0.7982456140350878
521	522	Leafeon	Planta		65	110	130	60	65	95	4	0	125.0	125.0	151.0	125.0	0.8278145695364238
522	523	Glaceon	Hielo		65	60	110	130	95	65	4	0	64.0	64.0	134.0	64.0	0.47761194029850745
523	524	Gliscor	Tierra	Volador	75	95	125	45	75	95	4	0	109.0	109.0	132.0	109.0	0.8257575757575758
524	525	Mamoswine	Hielo	Tierra	110	130	80	70	60	80	4	0	68.0	68.0	116.0	68.0	0.5862068965517241
525	526	Porygon-Z	Normal		85	80	70	135	75	90	4	0	103.0	103.0	147.0	103.0	0.7006802721088435
526	527	Gallade	Psiquico	Combate	68	125	65	65	115	80	4	0	86.0	86.0	137.0	86.0	0.6277372262773723
527	528	Mega Gallade	Psiquico	Combate	68	165	95	65	115	110	4	0	112.0	112.0	130.0	112.0	0.8615384615384616
528	529	Probopass	Roca	Acero	60	55	145	75	150	40	4	0	26.0	26.0	130.0	26.0	0.2
529	530	Dusknoir	Fantasma		45	100	135	65	135	45	4	0	40.0	40.0	136.0	40.0	0.29411764705882354
530	531	Froslass	Hielo	Fantasma	70	80	70	80	70	110	4	0	91.0	91.0	138.0	91.0	0.6594202898550725
531	532	Rotom	Electrico	Fantasma	50	50	77	95	77	91	4	0	71.0	71.0	120.0	71.0	0.5916666666666667
532	533	Rotom calor	Electrico	Fuego	50	65	107	105	107	86	4	0	79.0	79.0	113.0	79.0	0.6991150442477876
533	534	Rotom lavado	Electrico	Agua	50	65	107	105	107	86	4	0	90.0	90.0	116.0	90.0	0.7758620689655172
534	535	Rotom fr?o	Electrico	Hielo	50	65	107	105	107	86	4	0	90.0	90.0	128.0	90.0	0.703125
535	536	Rotom	Electrico	Volador	50	65	107	105	107	86	4	0	88.0	88.0	121.0	88.0	0.7272727272727273
536	537	Rotom corte	Electrico	Planta	50	65	107	105	107	86	4	0	98.0	98.0	134.0	98.0	0.7313432835820896
537	538	Uxie	Psiquico		75	75	130	75	130	95	4	1	92.0	92.0	123.0	92.0	0.7479674796747967
538	539	Mesprit	Psiquico		80	105	105	105	105	80	4	1	79.0	79.0	133.0	79.0	0.5939849624060151
539	540	Azelf	Psiquico		75	125	70	125	70	115	4	1	122.0	122.0	135.0	122.0	0.9037037037037037
540	541	Dialga	Acero	Dragon	100	120	120	150	100	90	4	1	119.0	119.0	151.0	119.0	0.7880794701986755
541	542	Palkia	Agua	Dragon	90	120	100	150	120	100	4	1	115.0	115.0	149.0	115.0	0.7718120805369127
542	543	Heatran	Fuego	Acero	91	90	106	130	106	77	4	1	85.0	85.0	131.0	85.0	0.648854961832061
543	544	Regigigas	Normal		110	160	110	80	110	100	4	1	122.0	122.0	142.0	122.0	0.8591549295774648
544	545	Giratina forma modificada	Fantasma	Dragon	150	100	120	100	120	90	4	1	74.0	74.0	111.0	74.0	0.6666666666666666
545	546	Giratina forma original	Fantasma	Dragon	150	120	100	120	100	90	4	1	89.0	89.0	134.0	89.0	0.664179104477612
546	547	Cresselia	Psiquico		120	70	120	75	130	85	4	0	79.0	79.0	118.0	79.0	0.6694915254237288
547	548	Phione	Agua		80	80	80	80	80	80	4	0	74.0	74.0	132.0	74.0	0.5606060606060606
548	549	Manaphy	Agua		100	100	100	100	100	100	4	0	118.0	118.0	134.0	118.0	0.8805970149253731
549	550	Darkrai	Siniestro		70	90	90	135	90	125	4	1	110.0	110.0	117.0	110.0	0.9401709401709402
550	551	Shaymin forma tierra	Planta		100	100	100	100	100	100	4	1	117.0	117.0	136.0	117.0	0.8602941176470589
551	552	Shaymin forma cielo	Planta	Volador	100	103	75	120	75	127	4	1	111.0	111.0	118.0	111.0	0.940677966101695
552	553	Arceus	Normal		120	120	120	120	120	120	4	1	114.0	114.0	122.0	114.0	0.9344262295081968
553	554	Victini	Psiquico	Fuego	100	100	100	100	100	100	5	1	115.0	115.0	131.0	115.0	0.8778625954198473
554	555	Snivy	Planta		45	45	55	45	55	63	5	0	51.0	51.0	111.0	51.0	0.4594594594594595
555	556	Servine	Planta		60	60	75	60	75	83	5	0					
556	557	Serperior	Planta		75	75	95	75	95	113	5	0	119.0	119.0	132.0	119.0	0.9015151515151515
557	558	Tepig	Fuego		65	63	45	45	45	45	5	0	34.0	34.0	131.0	34.0	0.2595419847328244
558	559	Pignite	Fuego	Combate	90	93	55	70	55	55	5	0	55.0	55.0	144.0	55.0	0.3819444444444444
559	560	Emboar	Fuego	Combate	110	123	65	100	65	65	5	0	72.0	72.0	138.0	72.0	0.5217391304347826
560	561	Oshawott	Agua		55	55	45	63	45	45	5	0	31.0	31.0	124.0	31.0	0.25
561	562	Dewott	Agua		75	75	60	83	60	60	5	0	48.0	48.0	122.0	48.0	0.39344262295081966
562	563	Samurott	Agua		95	100	85	108	70	70	5	0	65.0	65.0	115.0	65.0	0.5652173913043478
563	564	Patrat	Normal		45	55	39	35	39	42	5	0	25.0	25.0	135.0	25.0	0.18518518518518517
564	565	Watchog	Normal		60	85	69	60	69	77	5	0	69.0	69.0	133.0	69.0	0.518796992481203
565	566	Lillipup	Normal		45	60	45	25	45	55	5	0	29.0	29.0	100.0	29.0	0.29
566	567	Herdier	Normal		65	80	65	35	65	60	5	0	53.0	53.0	138.0	53.0	0.38405797101449274
567	568	Stoutland	Normal		85	110	90	45	90	80	5	0	72.0	72.0	116.0	72.0	0.6206896551724138
568	569	Purrloin	Siniestro		41	50	37	50	37	66	5	0	59.0	59.0	114.0	59.0	0.5175438596491229
569	570	Liepard	Siniestro		64	88	50	88	50	106	5	0	123.0	123.0	135.0	123.0	0.9111111111111111
570	571	Pansage	Planta		50	53	48	53	48	64	5	0	53.0	53.0	130.0	53.0	0.4076923076923077
571	572	Simisage	Planta		75	98	63	98	63	101	5	0	106.0	106.0	131.0	106.0	0.8091603053435115
572	573	Pansear	Fuego		50	53	48	53	48	64	5	0	60.0	60.0	130.0	60.0	0.46153846153846156
573	574	Simisear	Fuego		75	98	63	98	63	101	5	0	113.0	113.0	127.0	113.0	0.889763779527559
574	575	Panpour	Agua		50	53	48	53	48	64	5	0	42.0	42.0	117.0	42.0	0.358974358974359
575	576	Simipour	Agua		75	98	63	98	63	101	5	0	113.0	113.0	133.0	113.0	0.849624060150376
576	577	Munna	Psiquico		76	25	45	67	55	24	5	0	5.0	5.0	128.0	5.0	0.0390625
577	578	Musharna	Psiquico		116	55	85	107	95	29	5	0	9.0	9.0	132.0	9.0	0.06818181818181818
578	579	Pidove	Normal	Volador	50	55	50	36	30	43	5	0	45.0	45.0	154.0	45.0	0.2922077922077922
579	580	Tranquill	Normal	Volador	62	77	62	50	42	65	5	0	60.0	60.0	124.0	60.0	0.4838709677419355
580	581	Unfezant	Normal	Volador	80	115	80	65	55	93	5	0	102.0	102.0	130.0	102.0	0.7846153846153846
581	582	Blitzle	Electrico		45	60	32	50	32	76	5	0	80.0	80.0	135.0	80.0	0.5925925925925926
582	583	Zebstrika	Electrico		75	100	63	80	63	116	5	0	100.0	100.0	107.0	100.0	0.9345794392523364
583	584	Roggenrola	Roca		55	75	85	25	25	15	5	0	27.0	27.0	144.0	27.0	0.1875
584	585	Boldore	Roca		70	105	105	50	40	20	5	0	44.0	44.0	131.0	44.0	0.33587786259541985
585	586	Gigalith	Roca		85	135	130	60	80	25	5	0	60.0	60.0	148.0	60.0	0.40540540540540543
586	587	Woobat	Psiquico	Volador	55	45	43	55	43	72	5	0	72.0	72.0	123.0	72.0	0.5853658536585366
587	588	Swoobat	Psiquico	Volador	67	57	55	77	55	114	5	0	103.0	103.0	116.0	103.0	0.8879310344827587
588	589	Drilbur	Tierra		60	85	40	30	45	68	5	0	70.0	70.0	109.0	70.0	0.6422018348623854
589	590	Excadrill	Tierra	Acero	110	135	60	50	65	88	5	0	103.0	103.0	133.0	103.0	0.7744360902255639
590	591	Audino	Normal		103	60	86	60	86	50	5	0	46.0	46.0	133.0	46.0	0.3458646616541353
591	592	Mega Audino	Normal	Hada	103	60	126	80	126	50	5	0	48.0	48.0	132.0	48.0	0.36363636363636365
592	593	Timburr	Combate		75	80	55	25	35	35	5	0	28.0	28.0	150.0	28.0	0.18666666666666668
593	594	Gurdurr	Combate		85	105	85	40	50	40	5	0	25.0	25.0	118.0	25.0	0.211864406779661
594	595	Conkeldurr	Combate		105	140	95	55	65	45	5	0	39.0	39.0	130.0	39.0	0.3
595	596	Tympole	Agua		50	50	40	50	40	64	5	0	62.0	62.0	136.0	62.0	0.45588235294117646
596	597	Palpitoad	Agua	Tierra	75	65	55	65	55	69	5	0	54.0	54.0	124.0	54.0	0.43548387096774194
597	598	Seismitoad	Agua	Tierra	105	95	75	85	75	74	5	0	68.0	68.0	119.0	68.0	0.5714285714285714
598	599	Throh	Combate		120	100	85	30	85	45	5	0	33.0	33.0	147.0	33.0	0.22448979591836735
599	600	Sawk	Combate		75	125	75	30	75	85	5	0	85.0	85.0	136.0	85.0	0.625
600	601	Sewaddle	Bicho	Planta	45	53	70	40	60	42	5	0	35.0	35.0	136.0	35.0	0.25735294117647056
601	602	Swadloon	Bicho	Planta	55	63	90	50	80	42	5	0	26.0	26.0	123.0	26.0	0.21138211382113822
602	603	Leavanny	Bicho	Planta	75	103	80	70	80	92	5	0	96.0	96.0	121.0	96.0	0.7933884297520661
603	604	Venipede	Bicho	Veneno	30	45	59	30	39	57	5	0	37.0	37.0	132.0	37.0	0.2803030303030303
604	605	Whirlipede	Bicho	Veneno	40	55	99	40	79	47	5	0	26.0	26.0	99.0	26.0	0.26262626262626265
605	606	Scolipede	Bicho	Veneno	60	100	89	55	69	112	5	0	106.0	106.0	114.0	106.0	0.9298245614035088
606	607	Cottonee	Planta	Hada	40	27	60	37	50	66	5	0	46.0	46.0	127.0	46.0	0.36220472440944884
607	608	Whimsicott	Planta	Hada	60	67	85	77	75	116	5	0	104.0	104.0	117.0	104.0	0.8888888888888888
608	609	Petilil	Planta		45	35	50	70	50	30	5	0	23.0	23.0	146.0	23.0	0.15753424657534246
609	610	Lilligant	Planta		70	60	75	110	75	90	5	0	91.0	91.0	127.0	91.0	0.7165354330708661
610	611	Basculin	Agua		70	92	65	80	55	98	5	0	89.0	89.0	110.0	89.0	0.8090909090909091
611	612	Sandile	Tierra	Siniestro	50	72	35	35	35	65	5	0	72.0	72.0	134.0	72.0	0.5373134328358209
612	613	Krokorok	Tierra	Siniestro	60	82	45	45	45	74	5	0	65.0	65.0	113.0	65.0	0.5752212389380531
613	614	Krookodile	Tierra	Siniestro	95	117	80	65	70	92	5	0	111.0	111.0	132.0	111.0	0.8409090909090909
614	615	Darumaka	Fuego		70	90	45	15	45	50	5	0	45.0	45.0	124.0	45.0	0.3629032258064516
615	616	Darmanitan forma est?ndar	Fuego		105	140	55	30	55	95	5	0	109.0	109.0	133.0	109.0	0.8195488721804511
616	617	Darmanitan modo zen	Fuego	Psiquico	105	30	105	140	105	55	5	0	43.0	43.0	122.0	43.0	0.3524590163934426
617	618	Maractus	Planta		75	86	67	106	67	60	5	0					
618	619	Dwebble	Bicho	Roca	50	65	85	35	35	55	5	0	43.0	43.0	132.0	43.0	0.32575757575757575
619	620	Crustle	Bicho	Roca	70	95	125	65	75	45	5	0	40.0	40.0	119.0	40.0	0.33613445378151263
620	621	Scraggy	Siniestro	Combate	50	75	70	35	70	48	5	0	32.0	32.0	109.0	32.0	0.29357798165137616
621	622	Scrafty	Siniestro	Combate	65	90	115	45	115	58	5	0	61.0	61.0	121.0	61.0	0.5041322314049587
622	623	Sigilyph	Psiquico	Volador	72	58	80	103	80	97	5	0	109.0	109.0	152.0	109.0	0.7171052631578947
623	624	Yamask	Fantasma		38	30	85	55	65	30	5	0	27.0	27.0	126.0	27.0	0.21428571428571427
624	625	Cofagrigus	Fantasma		58	50	145	95	105	30	5	0	30.0	30.0	122.0	30.0	0.2459016393442623
625	626	Tirtouga	Agua	Roca	54	78	103	53	45	22	5	0	30.0	30.0	129.0	30.0	0.23255813953488372
626	627	Carracosta	Agua	Roca	74	108	133	83	65	32	5	0	45.0	45.0	140.0	45.0	0.32142857142857145
627	628	Archen	Roca	Volador	55	112	45	74	45	70	5	0	66.0	66.0	118.0	66.0	0.559322033898305
628	629	Archeops	Roca	Volador	75	140	65	112	65	110	5	0	117.0	117.0	128.0	117.0	0.9140625
629	630	Trubbish	Veneno		50	50	62	40	62	65	5	0	49.0	49.0	117.0	49.0	0.4188034188034188
630	631	Garbodor	Veneno		80	95	82	60	82	75	5	0	87.0	87.0	145.0	87.0	0.6
631	632	Zorua	Siniestro		40	65	40	80	40	65	5	0	66.0	66.0	131.0	66.0	0.5038167938931297
632	633	Zoroark	Siniestro		60	105	60	120	60	105	5	0	100.0	100.0	113.0	100.0	0.8849557522123894
633	634	Minccino	Normal		55	50	40	40	40	75	5	0	88.0	88.0	148.0	88.0	0.5945945945945946
634	635	Cinccino	Normal		75	95	60	65	60	115	5	0	115.0	115.0	131.0	115.0	0.8778625954198473
635	636	Gothita	Psiquico		45	30	50	55	65	45	5	0	26.0	26.0	125.0	26.0	0.208
636	637	Gothorita	Psiquico		60	45	70	75	85	55	5	0	37.0	37.0	123.0	37.0	0.3008130081300813
637	638	Gothitelle	Psiquico		70	55	95	95	110	65	5	0	65.0	65.0	133.0	65.0	0.48872180451127817
638	639	Solosis	Psiquico		45	30	40	105	50	20	5	0	4.0	4.0	129.0	4.0	0.031007751937984496
639	640	Duosion	Psiquico		65	40	50	125	60	30	5	0	9.0	9.0	124.0	9.0	0.07258064516129033
640	641	Reuniclus	Psiquico		110	65	75	125	85	30	5	0	18.0	18.0	120.0	18.0	0.15
641	642	Ducklett	Agua	Volador	62	44	50	44	50	55	5	0	45.0	45.0	124.0	45.0	0.3629032258064516
642	643	Swanna	Agua	Volador	75	87	63	87	63	98	5	0	103.0	103.0	119.0	103.0	0.865546218487395
643	644	Vanillite	Hielo		36	50	50	65	60	44	5	0	18.0	18.0	110.0	18.0	0.16363636363636364
644	645	Vanillish	Hielo		51	65	65	80	75	59	5	0	55.0	55.0	126.0	55.0	0.4365079365079365
645	646	Vanilluxe	Hielo		71	95	85	110	95	79	5	0	83.0	83.0	125.0	83.0	0.664
646	647	Deerling	Normal	Planta	60	60	50	40	50	75	5	0	70.0	70.0	119.0	70.0	0.5882352941176471
647	648	Sawsbuck	Normal	Planta	80	100	70	60	70	95	5	0	89.0	89.0	120.0	89.0	0.7416666666666667
648	649	Emolga	Electrico	Volador	55	75	60	75	60	103	5	0	91.0	91.0	114.0	91.0	0.7982456140350878
649	650	Karrablast	Bicho		50	75	45	40	45	60	5	0	53.0	53.0	121.0	53.0	0.4380165289256198
650	651	Escavalier	Bicho	Acero	70	135	105	60	105	20	5	0	72.0	72.0	124.0	72.0	0.5806451612903226
651	652	Foongus	Planta	Veneno	69	55	45	55	55	15	5	0	14.0	14.0	120.0	14.0	0.11666666666666667
652	653	Amoonguss	Planta	Veneno	114	85	70	85	80	30	5	0	25.0	25.0	121.0	25.0	0.2066115702479339
653	654	Frillish	Agua	Fantasma	55	40	50	65	85	40	5	0	42.0	42.0	132.0	42.0	0.3181818181818182
654	655	Jellicent	Agua	Fantasma	100	60	70	85	105	60	5	0					
655	656	Alomomola	Agua		165	75	80	40	45	65	5	0	68.0	68.0	132.0	68.0	0.5151515151515151
656	657	Joltik	Bicho	Electrico	50	47	50	57	50	65	5	0	64.0	64.0	138.0	64.0	0.463768115942029
657	658	Galvantula	Bicho	Electrico	70	77	60	97	60	108	5	0	115.0	115.0	137.0	115.0	0.8394160583941606
658	659	Ferroseed	Planta	Acero	44	50	91	24	86	10	5	0	22.0	22.0	111.0	22.0	0.1981981981981982
659	660	Ferrothorn	Planta	Acero	74	94	131	54	116	20	5	0	61.0	61.0	136.0	61.0	0.4485294117647059
660	661	Klink	Acero		40	55	70	45	60	30	5	0	12.0	12.0	113.0	12.0	0.10619469026548672
661	662	Klang	Acero		60	80	95	70	85	50	5	0	27.0	27.0	121.0	27.0	0.2231404958677686
662	663	Klinklang	Acero		60	100	115	70	85	90	5	0	99.0	99.0	131.0	99.0	0.7557251908396947
663	664	Tynamo	Electrico		35	55	40	45	40	60	5	0	45.0	45.0	126.0	45.0	0.35714285714285715
664	665	Eelektrik	Electrico		65	85	70	75	70	40	5	0	26.0	26.0	128.0	26.0	0.203125
665	666	Eelektross	Electrico		85	115	80	105	80	50	5	0	34.0	34.0	111.0	34.0	0.3063063063063063
666	667	Elgyem	Psiquico		55	55	55	85	55	30	5	0	21.0	21.0	159.0	21.0	0.1320754716981132
667	668	Beheeyem	Psiquico		75	75	75	125	95	40	5	0	21.0	21.0	134.0	21.0	0.15671641791044777
668	669	Litwick	Fantasma	Fuego	50	30	55	65	55	20	5	0	16.0	16.0	117.0	16.0	0.13675213675213677
669	670	Lampent	Fantasma	Fuego	60	40	60	95	60	55	5	0	57.0	57.0	135.0	57.0	0.4222222222222222
670	671	Chandelure	Fantasma	Fuego	60	55	90	145	90	80	5	0	68.0	68.0	112.0	68.0	0.6071428571428571
671	672	Axew	Dragon		46	87	60	30	40	57	5	0	51.0	51.0	135.0	51.0	0.37777777777777777
672	673	Fraxure	Dragon		66	117	70	40	50	67	5	0	59.0	59.0	129.0	59.0	0.4573643410852713
673	674	Haxorus	Dragon		76	147	90	60	70	97	5	0	105.0	105.0	127.0	105.0	0.8267716535433071
674	675	Cubchoo	Hielo		55	70	40	60	40	40	5	0	31.0	31.0	115.0	31.0	0.26956521739130435
675	676	Beartic	Hielo		95	110	80	70	80	50	5	0	48.0	48.0	129.0	48.0	0.37209302325581395
676	677	Cryogonal	Hielo		70	50	30	95	135	105	5	0	119.0	119.0	148.0	119.0	0.8040540540540541
677	678	Shelmet	Bicho		50	40	85	40	65	25	5	0	11.0	11.0	124.0	11.0	0.08870967741935484
678	679	Accelgor	Bicho		80	70	40	100	60	145	5	0	118.0	118.0	128.0	118.0	0.921875
679	680	Stunfisk	Tierra	Electrico	109	66	84	81	99	32	5	0	29.0	29.0	144.0	29.0	0.2013888888888889
680	681	Mienfoo	Combate		45	85	50	55	50	65	5	0	66.0	66.0	130.0	66.0	0.5076923076923077
681	682	Mienshao	Combate		65	125	60	95	60	105	5	0	121.0	121.0	131.0	121.0	0.9236641221374046
682	683	Druddigon	Dragon		77	120	90	60	90	48	5	0	39.0	39.0	140.0	39.0	0.2785714285714286
683	684	Golett	Tierra	Fantasma	59	74	50	35	50	35	5	0	40.0	40.0	128.0	40.0	0.3125
684	685	Golurk	Tierra	Fantasma	89	124	80	55	80	55	5	0	72.0	72.0	126.0	72.0	0.5714285714285714
685	686	Pawniard	Siniestro	Acero	45	85	70	40	40	60	5	0	57.0	57.0	109.0	57.0	0.5229357798165137
686	687	Bisharp	Siniestro	Acero	65	125	100	60	70	70	5	0	86.0	86.0	141.0	86.0	0.6099290780141844
687	688	Bouffalant	Normal		95	110	95	40	95	55	5	0	48.0	48.0	119.0	48.0	0.40336134453781514
688	689	Rufflet	Normal	Volador	70	83	50	37	50	60	5	0	41.0	41.0	122.0	41.0	0.3360655737704918
689	690	Braviary	Normal	Volador	100	123	75	57	75	80	5	0	108.0	108.0	156.0	108.0	0.6923076923076923
690	691	Vullaby	Siniestro	Volador	70	55	75	45	65	60	5	0	56.0	56.0	122.0	56.0	0.45901639344262296
691	692	Mandibuzz	Siniestro	Volador	110	65	105	55	95	80	5	0	92.0	92.0	147.0	92.0	0.6258503401360545
692	693	Heatmor	Fuego		85	97	66	105	66	65	5	0	57.0	57.0	121.0	57.0	0.47107438016528924
693	694	Durant	Bicho	Acero	58	109	112	48	48	109	5	0	118.0	118.0	134.0	118.0	0.8805970149253731
694	695	Deino	Siniestro	Dragon	52	65	50	45	50	38	5	0	34.0	34.0	124.0	34.0	0.27419354838709675
695	696	Zweilous	Siniestro	Dragon	72	85	70	65	70	58	5	0	57.0	57.0	138.0	57.0	0.41304347826086957
696	697	Hydreigon	Siniestro	Dragon	92	105	90	125	90	98	5	0	106.0	106.0	129.0	106.0	0.8217054263565892
697	698	Larvesta	Bicho	Fuego	55	85	55	50	55	60	5	0	58.0	58.0	137.0	58.0	0.4233576642335766
698	699	Volcarona	Bicho	Fuego	85	60	65	135	105	100	5	0	103.0	103.0	137.0	103.0	0.7518248175182481
699	700	Cobalion	Acero	Combate	91	90	129	90	72	108	5	1	117.0	117.0	128.0	117.0	0.9140625
700	701	Terrakion	Roca	Combate	91	129	90	72	90	108	5	1	105.0	105.0	123.0	105.0	0.8536585365853658
701	702	Virizion	Planta	Combate	91	90	72	90	129	108	5	1	112.0	112.0	125.0	112.0	0.896
702	703	Tornadus forma avatar	Volador		79	115	70	125	80	111	5	1	94.0	94.0	111.0	94.0	0.8468468468468469
703	704	Tornadus forma t?tem	Volador		79	100	80	110	90	121	5	1	121.0	121.0	125.0	121.0	0.968
704	705	Thundurus forma avatar	Electrico	Volador	79	115	70	125	80	111	5	1	108.0	108.0	125.0	108.0	0.864
705	706	Thundurus forma t?tem	Electrico	Volador	79	105	70	145	80	101	5	1	99.0	99.0	115.0	99.0	0.8608695652173913
706	707	Reshiram	Dragon	Fuego	100	120	100	150	120	90	5	1	91.0	91.0	125.0	91.0	0.728
707	708	Zekrom	Dragon	Electrico	100	150	120	120	100	90	5	1	100.0	100.0	154.0	100.0	0.6493506493506493
708	709	Landorus forma avatar	Tierra	Volador	89	125	90	115	80	101	5	1	89.0	89.0	102.0	89.0	0.8725490196078431
709	710	Landorus forma t?tem	Tierra	Volador	89	145	90	105	80	91	5	1	112.0	112.0	131.0	112.0	0.8549618320610687
710	711	Kyurem	Dragon	Hielo	125	130	90	130	90	95	5	1	99.0	99.0	128.0	99.0	0.7734375
711	712	Kyurem negro	Dragon	Hielo	125	170	100	120	90	95	5	1	77.0	77.0	100.0	77.0	0.77
712	713	Kyurem blanco	Dragon	Hielo	125	120	90	170	100	95	5	1	100.0	100.0	128.0	100.0	0.78125
713	714	Keldeo forma normal	Agua	Combate	91	72	90	129	90	108	5	0	100.0	100.0	116.0	100.0	0.8620689655172413
714	715	Keldeo forma br?o	Agua	Combate	91	72	90	129	90	108	5	0	108.0	108.0	121.0	108.0	0.8925619834710744
715	716	Meloetta forma l?rica	Normal	Psiquico	100	77	77	128	128	90	5	0	98.0	98.0	142.0	98.0	0.6901408450704225
716	717	Meloetta forma danza	Normal	Combate	100	128	90	77	77	128	5	0	118.0	118.0	123.0	118.0	0.959349593495935
717	718	Genesect	Bicho	Acero	71	120	95	120	95	99	5	0	105.0	105.0	128.0	105.0	0.8203125
718	719	Chespin	Planta		56	61	65	48	45	38	6	0	26.0	26.0	148.0	26.0	0.17567567567567569
719	720	Quilladin	Planta		61	78	95	56	58	57	6	0	48.0	48.0	119.0	48.0	0.40336134453781514
720	721	Chesnaught	Planta	Combate	88	107	122	74	75	64	6	0	57.0	57.0	124.0	57.0	0.4596774193548387
721	722	Fennekin	Fuego		40	45	40	62	60	60	6	0	41.0	41.0	121.0	41.0	0.33884297520661155
722	723	Braixen	Fuego		59	59	58	90	70	73	6	0	67.0	67.0	115.0	67.0	0.5826086956521739
723	724	Delphox	Fuego	Psiquico	75	69	72	114	100	104	6	0	104.0	104.0	126.0	104.0	0.8253968253968254
724	725	Froakie	Agua		41	56	40	62	44	71	6	0	71.0	71.0	125.0	71.0	0.568
725	726	Frogadier	Agua		54	63	52	83	56	97	6	0	107.0	107.0	139.0	107.0	0.7697841726618705
726	727	Greninja	Agua	Siniestro	72	95	67	103	71	122	6	0	122.0	122.0	127.0	122.0	0.9606299212598425
727	728	Bunnelby	Normal		38	36	38	32	36	57	6	0	44.0	44.0	113.0	44.0	0.3893805309734513
728	729	Diggersby	Normal	Tierra	85	56	77	50	77	78	6	0	68.0	68.0	128.0	68.0	0.53125
729	730	Fletchling	Normal	Volador	45	50	43	40	38	62	6	0	55.0	55.0	136.0	55.0	0.40441176470588236
730	731	Fletchinder	Fuego	Volador	62	73	55	56	52	84	6	0	92.0	92.0	127.0	92.0	0.7244094488188977
731	732	Talonflame	Fuego	Volador	78	81	71	74	69	126	6	0	120.0	120.0	132.0	120.0	0.9090909090909091
732	733	Scatterbug	Bicho		38	35	40	27	25	35	6	0	11.0	11.0	134.0	11.0	0.08208955223880597
733	734	Spewpa	Bicho		45	22	60	27	30	29	6	0	10.0	10.0	133.0	10.0	0.07518796992481203
734	735	Vivillon	Bicho	Volador	80	52	50	90	50	89	6	0	80.0	80.0	120.0	80.0	0.6666666666666666
735	736	Litleo	Fuego	Normal	62	50	58	73	54	72	6	0	55.0	55.0	124.0	55.0	0.4435483870967742
736	737	Pyroar	Fuego	Normal	86	68	72	109	66	106	6	0	98.0	98.0	121.0	98.0	0.8099173553719008
737	738	Flab?b?	Hada		44	38	39	61	79	42	6	0	34.0	34.0	151.0	34.0	0.2251655629139073
738	739	Floette	Hada		54	45	47	75	98	52	6	0	48.0	48.0	121.0	48.0	0.39669421487603307
739	740	Florges	Hada		78	65	68	112	154	75	6	0	76.0	76.0	121.0	76.0	0.628099173553719
740	741	Skiddo	Planta		66	65	48	62	57	52	6	0	46.0	46.0	127.0	46.0	0.36220472440944884
741	742	Gogoat	Planta		123	100	62	97	81	68	6	0	62.0	62.0	129.0	62.0	0.4806201550387597
742	743	Pancham	Combate		67	82	62	46	48	43	6	0	26.0	26.0	118.0	26.0	0.22033898305084745
743	744	Pangoro	Combate	Siniestro	95	124	78	69	71	58	6	0	46.0	46.0	123.0	46.0	0.37398373983739835
744	745	Furfrou	Normal		75	80	60	65	90	102	6	0	113.0	113.0	131.0	113.0	0.8625954198473282
745	746	Espurr	Psiquico		62	48	54	63	60	68	6	0	58.0	58.0	112.0	58.0	0.5178571428571429
746	747	Meowstic macho	Psiquico		74	48	76	83	81	104	6	0	91.0	91.0	115.0	91.0	0.7913043478260869
747	748	Meowstic hembra	Psiquico		74	48	76	83	81	104	6	0	93.0	93.0	127.0	93.0	0.7322834645669292
748	749	Honedge	Acero	Fantasma	45	80	100	35	37	28	6	0	35.0	35.0	112.0	35.0	0.3125
749	750	Doublade	Acero	Fantasma	59	110	150	45	49	35	6	0	44.0	44.0	132.0	44.0	0.3333333333333333
750	751	Aegislash forma de filo	Acero		60	150	50	150	50	60	6	0	64.0	64.0	128.0	64.0	0.5
751	752	Aegislash forma de escudo	Acero	Fantasma	60	50	150	50	150	60	6	0	63.0	63.0	121.0	63.0	0.5206611570247934
752	753	Spritzee	Hada		78	52	60	63	65	23	6	0	8.0	8.0	133.0	8.0	0.06015037593984962
753	754	Aromatisse	Hada		101	72	72	99	89	29	6	0	25.0	25.0	129.0	25.0	0.1937984496124031
754	755	Swirlix	Hada		62	48	66	59	57	49	6	0	41.0	41.0	121.0	41.0	0.33884297520661155
755	756	Slurpuff	Hada		82	80	86	85	75	72	6	0	81.0	81.0	131.0	81.0	0.6183206106870229
756	757	Inkay	Siniestro	Psiquico	53	54	53	37	46	45	6	0	34.0	34.0	110.0	34.0	0.3090909090909091
757	758	Malamar	Siniestro	Psiquico	86	92	88	68	75	73	6	0	108.0	108.0	158.0	108.0	0.6835443037974683
758	759	Binacle	Roca	Agua	42	52	67	39	56	50	6	0	37.0	37.0	129.0	37.0	0.2868217054263566
759	760	Barbaracle	Roca	Agua	72	105	115	54	86	68	6	0	69.0	69.0	134.0	69.0	0.5149253731343284
760	761	Skrelp	Veneno	Agua	50	60	60	60	60	30	6	0	14.0	14.0	124.0	14.0	0.11290322580645161
761	762	Dragalge	Veneno	Dragon	65	75	90	97	123	44	6	0	31.0	31.0	156.0	31.0	0.1987179487179487
762	763	Clauncher	Agua		50	53	62	58	63	44	6	0	17.0	17.0	124.0	17.0	0.13709677419354838
763	764	Clawitzer	Agua		71	73	88	120	89	59	6	0	64.0	64.0	147.0	64.0	0.43537414965986393
764	765	Helioptile	Electrico	Normal	44	38	33	61	43	70	6	0	59.0	59.0	112.0	59.0	0.5267857142857143
765	766	Heliolisk	Electrico	Normal	62	55	52	109	94	109	6	0	94.0	94.0	120.0	94.0	0.7833333333333333
766	767	Tyrunt	Roca	Dragon	58	89	77	45	45	48	6	0	34.0	34.0	107.0	34.0	0.3177570093457944
767	768	Tyrantrum	Roca	Dragon	82	121	119	69	59	71	6	0	82.0	82.0	152.0	82.0	0.5394736842105263
768	769	Amaura	Roca	Hielo	77	59	50	67	63	46	6	0	28.0	28.0	121.0	28.0	0.23140495867768596
769	770	Aurorus	Roca	Hielo	123	77	72	99	92	58	6	0	61.0	61.0	132.0	61.0	0.4621212121212121
770	771	Sylveon	Hada		95	65	65	110	130	60	6	0	49.0	49.0	122.0	49.0	0.4016393442622951
771	772	Hawlucha	Combate	Volador	78	92	75	74	63	118	6	0	107.0	107.0	121.0	107.0	0.8842975206611571
772	773	Dedenne	Electrico	Hada	67	58	57	81	67	101	6	0	109.0	109.0	124.0	109.0	0.8790322580645161
773	774	Carbink	Roca	Hada	50	50	150	50	150	50	6	0	36.0	36.0	140.0	36.0	0.2571428571428571
774	775	Goomy	Dragon		45	50	35	55	75	40	6	0	25.0	25.0	117.0	25.0	0.21367521367521367
775	776	Sliggoo	Dragon		68	75	53	83	113	60	6	0	59.0	59.0	130.0	59.0	0.45384615384615384
776	777	Goodra	Dragon		90	100	70	110	150	80	6	0	64.0	64.0	106.0	64.0	0.6037735849056604
777	778	Klefki	Acero	Hada	57	80	91	80	87	75	6	0	70.0	70.0	122.0	70.0	0.5737704918032787
778	779	Phantump	Fantasma	Planta	43	70	48	50	60	38	6	0	33.0	33.0	138.0	33.0	0.2391304347826087
779	780	Trevenant	Fantasma	Planta	85	110	76	65	82	56	6	0	59.0	59.0	150.0	59.0	0.3933333333333333
780	781	Pumpkaboo tama?o normal	Fantasma	Planta	49	66	70	44	55	51	6	0	49.0	49.0	115.0	49.0	0.4260869565217391
781	782	Pumpkaboo tama?o peque?o	Fantasma	Planta	44	66	70	44	55	56	6	0					
782	783	Pumpkaboo tama?o grande	Fantasma	Planta	54	66	70	44	55	46	6	0	51.0	51.0	121.0	51.0	0.4214876033057851
783	784	Pumpkaboo tama?o extragrande	Fantasma	Planta	59	66	70	44	55	41	6	0	33.0	33.0	131.0	33.0	0.25190839694656486
784	785	Gourgeist tama?o normal	Fantasma	Planta	65	90	122	58	75	84	6	0	92.0	92.0	128.0	92.0	0.71875
785	786	Gourgeist tama?o peque?o	Fantasma	Planta	55	85	122	58	75	99	6	0	98.0	98.0	121.0	98.0	0.8099173553719008
786	787	Gourgeist tama?o grande	Fantasma	Planta	75	95	122	58	75	69	6	0	71.0	71.0	124.0	71.0	0.5725806451612904
787	788	Gourgeist tama?o extragrande	Fantasma	Planta	85	100	122	58	75	54	6	0	52.0	52.0	132.0	52.0	0.3939393939393939
788	789	Bergmite	Hielo		55	69	85	32	35	28	6	0	12.0	12.0	129.0	12.0	0.09302325581395349
789	790	Avalugg	Hielo		95	117	184	44	46	28	6	0	36.0	36.0	121.0	36.0	0.2975206611570248
790	791	Noibat	Volador	Dragon	40	30	35	45	40	55	6	0	40.0	40.0	127.0	40.0	0.31496062992125984
791	792	Noivern	Volador	Dragon	85	70	80	97	80	123	6	0	107.0	107.0	115.0	107.0	0.9304347826086956
792	793	Xerneas	Hada		126	131	95	131	98	99	6	1	107.0	107.0	129.0	107.0	0.8294573643410853
793	794	Yveltal	Siniestro	Volador	126	131	95	131	98	99	6	1	111.0	111.0	137.0	111.0	0.8102189781021898
794	795	Zygarde forma media	Dragon	Tierra	108	100	121	81	95	95	6	1	80.0	80.0	107.0	80.0	0.7476635514018691
795	796	Diancie	Roca	Hada	50	100	150	100	150	50	6	1	39.0	39.0	105.0	39.0	0.37142857142857144
796	797	Mega Diancie	Roca	Hada	50	160	110	160	110	110	6	1	116.0	116.0	131.0	116.0	0.8854961832061069
797	798	Hoopa contenido	Psiquico	Fantasma	80	110	60	150	130	70	6	1	60.0	60.0	119.0	60.0	0.5042016806722689
798	799	Hoopa desatado	Psiquico	Siniestro	80	160	60	170	130	80	6	1	89.0	89.0	144.0	89.0	0.6180555555555556
799	800	Volcanion	Fuego	Agua	80	110	120	130	90	70	6	1	75.0	75.0	121.0	75.0	0.6198347107438017
